"","COUNTRYNEW","Mean_Life_Sat_2008","Mean_Life_Sat_2009","Mean_Life_Sat_2010","Mean_Life_Sat_2011","Mean_Life_Sat_2012","Mean_Life_Sat_2013","Mean_Life_Sat_2014","Mean_Life_Sat_2015","Mean_Life_Sat_2016","Mean_Life_Sat_2017","Mean_Life_Sat_2018","Mean_Life_Sat_2019","Mean_Life_Sat_2021","Mean_Life_Sat_2022","Mean_Life_Sat_2007","Mean_Life_Sat_2020","Mean_Life_Sat_2006","Mean_Life_Sat_2005","Mean_Life_Sat_2023","SD_Life_Sat_2008","SD_Life_Sat_2009","SD_Life_Sat_2010","SD_Life_Sat_2011","SD_Life_Sat_2012","SD_Life_Sat_2013","SD_Life_Sat_2014","SD_Life_Sat_2015","SD_Life_Sat_2016","SD_Life_Sat_2017","SD_Life_Sat_2018","SD_Life_Sat_2019","SD_Life_Sat_2021","SD_Life_Sat_2022","SD_Life_Sat_2007","SD_Life_Sat_2020","SD_Life_Sat_2006","SD_Life_Sat_2005","SD_Life_Sat_2023","N_2008","N_2009","N_2010","N_2011","N_2012","N_2013","N_2014","N_2015","N_2016","N_2017","N_2018","N_2019","N_2021","N_2022","N_2007","N_2020","N_2006","N_2005","N_2023"
"1","Afghanistan",3.75,4.53,4.79,3.95,3.86,3.57,3.17,4.04,4.25,2.66,2.71,2.37,2.46,1.25,NA,NA,NA,NA,NA,1.76,1.76,1.88,1.8,1.81,1.22,1.39,2.22,1.87,1.46,1.4,1.38,1.12,1.06,NA,NA,NA,NA,NA,1008,1994,1000,1000,1990,1000,942,997,1000,967,968,1121,998,997,NA,NA,NA,NA,NA
"2","Albania",NA,5.46,5.32,6.02,5.61,4.93,4.88,4.7,4.52,4.75,4.97,4.85,4.93,4.99,4.74,5.45,NA,NA,NA,NA,1.9,1.84,1.78,1.94,2.22,2.64,2.73,2.65,2.68,2.63,2.68,2.54,2.64,1.81,2.75,NA,NA,NA,NA,997,993,1005,1029,1035,981,991,982,987,977,1069,980,980,965,986,NA,NA,NA
"3","Algeria",NA,NA,5.48,5.45,5.72,NA,6.45,NA,5.42,5.36,5.07,4.87,5.4,5.65,NA,5.63,NA,NA,NA,NA,NA,1.61,1.68,1.91,NA,1.6,NA,2.06,1.96,1.91,1.84,1.9,1.81,NA,1.75,NA,NA,NA,NA,NA,998,2000,2025,NA,1002,NA,998,1010,994,1095,992,820,NA,1011,NA,NA,NA
"4","Angola",NA,NA,NA,5.49,4.57,3.9,3.82,NA,NA,NA,NA,NA,NA,NA,NA,NA,NA,NA,NA,NA,NA,NA,2.26,2.18,2.36,2.18,NA,NA,NA,NA,NA,NA,NA,NA,NA,NA,NA,NA,NA,NA,NA,991,993,985,973,NA,NA,NA,NA,NA,NA,NA,NA,NA,NA,NA,NA
"5","Argentina",6.09,6.44,6.46,6.8,6.43,6.64,6.57,6.68,6.44,6.01,5.89,6.12,6.26,6.16,6.01,6.12,6.27,NA,NA,1.99,2.07,2.1,1.97,2.14,1.95,2.17,1.95,2.01,2.32,2.41,2.19,1.99,2.31,2.08,2.1,2.01,NA,NA,995,998,992,998,998,1000,1000,998,996,996,997,1056,1000,1005,1000,1000,996,NA,NA
"6","Armenia",4.55,4.11,4.25,4.22,4.21,4.19,4.3,4.18,4.17,4.05,4.91,5.37,5.15,5.18,4.8,NA,4.21,NA,NA,1.96,2.2,2.14,1.98,2.22,2.09,2.07,2.28,2.15,2.33,2.19,2.39,2.39,2.35,1.75,NA,1.99,NA,NA,998,999,997,984,991,993,990,990,991,988,989,1065,973,993,999,NA,997,NA,NA
"7","Australia",7.27,NA,7.55,7.46,7.23,7.43,7.34,7.41,7.49,7.4,7.34,7.32,7.29,7.28,7.32,7.39,NA,7.42,NA,1.7,NA,1.77,1.76,1.72,1.74,1.78,1.61,1.65,1.76,1.76,1.71,1.73,1.7,1.69,1.76,NA,1.46,NA,1005,NA,999,1005,998,1001,1993,998,1000,995,1000,1043,997,999,1203,998,NA,999,NA
"8","Austria",7.17,NA,7.34,7.42,7.44,7.61,7.08,7.18,7.14,7.39,7.44,7.36,7.19,6.98,NA,7.4,7.12,NA,NA,1.74,NA,1.79,1.81,1.71,1.67,1.76,1.71,1.66,1.51,1.53,1.54,1.74,1.86,NA,1.43,1.8,NA,NA,998,NA,1992,995,998,1000,1997,1000,999,999,1000,1024,1000,999,NA,999,995,NA,NA
"9","Azerbaijan",4.88,4.65,4.27,4.67,4.98,5.55,5.33,5.18,5.35,5.25,5.25,5.22,NA,NA,4.64,NA,4.8,NA,NA,1.91,1.86,1.93,1.87,1.89,1.42,1.49,1.68,1.64,1.66,1.85,1.37,NA,NA,1.71,NA,1.59,NA,NA,987,992,977,990,988,968,978,991,980,987,989,1070,NA,NA,952,NA,996,NA,NA
"10","Bahrain",NA,5.6,6.04,5.02,5.4,6.61,5.97,5.93,6.03,6.21,NA,6.96,NA,NA,NA,6.14,NA,NA,NA,NA,2.39,1.56,1.74,1.85,1.85,2.35,2.11,2.24,2.23,NA,2.19,NA,NA,NA,2.41,NA,NA,NA,NA,2113,2023,2004,999,997,984,1991,996,1061,NA,1032,NA,NA,NA,992,NA,NA,NA
"11","Bangladesh",5.04,5.06,4.85,4.99,4.69,4.66,4.71,4.62,4.53,4.26,4.45,5.06,NA,3.64,4.75,5.53,4.31,NA,NA,1.77,1.66,1.9,1.88,1.93,2.03,1.99,2.15,2.02,1.88,2.22,2.99,NA,2.77,1.74,2.6,1.76,NA,NA,1000,1000,1000,1000,2962,989,973,984,992,976,992,2979,NA,1901,1196,999,1048,NA,NA
"12","Belarus",5.44,5.51,5.46,5.25,5.76,5.89,5.78,5.76,5.18,5.54,5.25,5.71,NA,NA,5.62,NA,5.66,NA,NA,1.83,1.92,1.85,1.98,2.02,1.77,1.87,1.97,1.87,1.64,1.69,1.94,NA,NA,1.78,NA,1.77,NA,NA,1050,1031,991,966,1012,1007,1021,1018,1024,1048,1045,1097,NA,NA,1068,NA,1056,NA,NA
"13","Belgium",7.12,NA,6.92,7.1,7.04,7.25,7,7.06,7.05,7.06,6.86,6.86,7.12,6.91,7.15,6.87,NA,7.39,NA,1.51,NA,1.56,1.54,1.71,1.43,1.57,1.46,1.42,1.45,1.57,1.53,1.47,1.58,1.56,1.54,NA,1.43,NA,988,NA,990,992,990,1003,2004,1036,997,1000,1010,1025,504,1482,996,1001,NA,989,NA
"14","Belize",NA,NA,NA,NA,NA,NA,6.03,NA,NA,NA,NA,NA,NA,NA,6.41,NA,NA,NA,NA,NA,NA,NA,NA,NA,NA,2.43,NA,NA,NA,NA,NA,NA,NA,2.03,NA,NA,NA,NA,NA,NA,NA,NA,NA,NA,501,NA,NA,NA,NA,NA,NA,NA,491,NA,NA,NA,NA
"15","Benin",3.83,NA,NA,3.83,3.23,3.55,3.41,3.78,4.11,5,5.84,5.19,4.5,4.56,NA,4.61,3.52,NA,NA,1.75,NA,NA,1.71,1.65,1.62,1.7,2.06,2.25,2.91,3.22,3.17,2.73,2.96,NA,2,1.63,NA,NA,946,NA,NA,982,1000,1000,996,986,955,919,958,993,985,986,NA,1031,998,NA,NA
"16","Bhutan",NA,NA,NA,NA,NA,5.63,4.98,5.18,NA,NA,NA,NA,NA,NA,NA,NA,NA,NA,NA,NA,NA,NA,NA,NA,1.27,1.01,1.43,NA,NA,NA,NA,NA,NA,NA,NA,NA,NA,NA,NA,NA,NA,NA,NA,997,1008,1011,NA,NA,NA,NA,NA,NA,NA,NA,NA,NA,NA
"17","Bolivia",5.26,5.95,5.76,5.72,5.95,5.74,5.71,5.68,5.57,5.75,5.86,NA,5.72,5.81,5.37,5.75,5.36,NA,NA,1.89,2,1.83,1.78,2.21,2,2,1.94,2.14,2.19,2.12,NA,1.98,2.27,1.94,2.05,1.81,NA,NA,990,987,971,979,942,987,980,983,975,979,988,NA,999,983,970,1984,991,NA,NA
"18","Bosnia Herzegovina",NA,5.17,4.81,5.26,5.15,5.46,5.19,5.07,5.1,5.11,5.85,5.88,5.95,5.73,5.06,5.74,NA,NA,NA,NA,2.02,2.01,1.96,2.28,2.18,2.26,2.4,2.15,2.3,2.02,2.29,2.29,2.17,2.36,2.38,NA,NA,NA,NA,999,1000,1008,1004,1007,998,996,997,992,999,1076,988,997,1958,992,NA,NA,NA
"19","Botswana",5.52,NA,3.99,3.82,4.96,4.36,4.27,3.91,3.57,3.55,3.51,3.6,NA,3.47,NA,NA,4.63,NA,NA,2.28,NA,1.92,2.03,1.95,2.13,2.37,2.32,2.61,2.64,2.53,2.62,NA,2.63,NA,NA,2.07,NA,NA,994,NA,998,1000,1000,1000,998,998,968,984,982,1091,NA,1000,NA,NA,998,NA,NA
"20","Brazil",6.64,6.92,6.81,7.01,6.75,7.14,6.94,6.41,6.28,6.34,6.11,6.41,6.27,6.25,6.17,6.39,NA,6.51,NA,2.3,2.28,2.31,2.09,2.27,2.22,2.17,2.42,2.66,2.66,2.7,2.58,2.12,2.59,2.38,2.16,NA,2.62,NA,1028,1023,1036,1038,986,1998,999,998,983,971,972,2928,1003,976,1024,1002,NA,1021,NA
"21","Bulgaria",NA,NA,3.88,4.04,4.18,4.03,4.39,4.86,4.86,5.09,5.03,5.01,5.82,5.33,3.77,5.88,NA,NA,NA,NA,NA,1.93,1.93,2.06,2.06,1.97,2.13,1.84,1.81,2.03,2.01,2.05,2.03,1.91,2.07,NA,NA,NA,NA,NA,1979,1002,1000,992,998,998,993,994,993,1061,1001,986,991,998,NA,NA,NA
"22","Burkina Faso",3.91,NA,4.07,4.85,4.12,3.38,3.63,4.53,4.34,4.73,5.03,4.88,4.9,NA,4.07,NA,3.8,NA,NA,1.44,NA,1.38,1.59,1.79,1.54,2.03,2.01,1.95,2.12,2.56,2.73,2.6,NA,1.28,NA,1.56,NA,NA,987,NA,1000,1000,1000,1007,998,993,967,969,934,920,1960,NA,969,NA,964,NA,NA
"23","Burundi",3.57,3.84,NA,3.76,NA,NA,2.98,NA,NA,NA,3.78,NA,NA,NA,NA,NA,NA,NA,NA,1.56,1.53,NA,1.77,NA,NA,2.16,NA,NA,NA,2.83,NA,NA,NA,NA,NA,NA,NA,NA,998,1000,NA,1000,NA,NA,995,NA,NA,NA,909,NA,NA,NA,NA,NA,NA,NA,NA
"24","Cambodia",4.48,4.1,4.16,4.16,3.97,3.7,4.02,4.07,4.39,4.4,4.99,4.86,4.34,4.04,4.24,4.76,3.63,NA,NA,1.42,1.31,1.46,1.33,1.68,2.03,2.5,2.48,2.63,2.71,2.97,2.96,2.49,2.37,1.26,2,1.68,NA,NA,1016,1000,1000,1000,996,983,991,985,974,1551,974,924,941,968,999,992,1000,NA,NA
"25","Cameroon",4.37,4.68,4.64,4.49,4.4,4.35,4.35,5.1,4.81,5.1,5.16,4.97,5.13,4.72,4.31,5.3,3.92,NA,NA,1.74,1.81,1.66,1.93,2.12,2.06,2.07,2.49,2.3,2.71,2.8,2.67,2.72,2.78,1.65,2.51,1.86,NA,NA,997,994,1198,998,999,997,995,971,979,953,946,977,985,979,992,994,999,NA,NA
"26","Canada",7.54,7.48,7.68,7.52,7.52,7.56,7.47,7.45,7.42,7.49,7.33,7.31,7.2,7.12,7.57,7.2,NA,7.4,NA,1.61,1.66,1.66,1.77,1.68,1.68,1.69,1.66,1.7,1.62,1.67,1.65,1.82,1.85,1.75,1.83,NA,1.56,NA,1002,1006,1005,1012,1997,1018,2023,1009,1012,1004,1009,1029,1008,1007,1008,1006,NA,1352,NA
"27","Central African Republic",NA,NA,3.61,3.73,NA,NA,NA,NA,2.85,3.62,NA,NA,NA,NA,4.25,NA,NA,NA,NA,NA,NA,1.51,1.68,NA,NA,NA,NA,2.3,2.78,NA,NA,NA,NA,1.73,NA,NA,NA,NA,NA,NA,998,1000,NA,NA,NA,NA,991,978,NA,NA,NA,NA,995,NA,NA,NA,NA
"28","Chad",4.81,3.73,3.93,4.77,4.23,3.63,3.52,4.41,4.19,4.58,4.77,4.45,NA,4.68,4.14,NA,3.44,NA,NA,1.36,1.32,1.41,1.83,1.6,1.71,1.63,2.2,2.46,2.77,3.05,3.13,NA,2.91,1.65,NA,1.76,NA,NA,1000,1000,1000,996,1000,998,1000,995,986,951,883,1075,NA,970,982,NA,961,NA,NA
"29","Chile",5.82,6.51,6.64,6.55,6.66,6.81,6.79,6.63,6.54,6.22,6.26,NA,6.31,6.31,5.77,6.05,6.24,NA,NA,2.32,2.16,2.13,2.09,2.07,2.09,2.12,1.95,1.96,2.29,2.22,NA,2.07,2.08,2.15,2.14,2.19,NA,NA,1106,1008,1007,1007,1001,1000,1019,1025,1008,1036,997,NA,999,996,1023,2056,1005,NA,NA
"30","China",5.1,4.6,4.8,5.18,5.23,5.12,5.33,5.25,5.3,5.16,5.09,5.13,NA,6.02,5.04,5.82,4.77,NA,NA,1.84,1.83,1.95,1.96,2.13,2,1.95,2.15,2.03,2.36,2.31,2.27,NA,2.22,1.85,2.38,1.95,NA,NA,3694,3820,4114,4170,9320,4212,4612,4214,4291,3960,3549,3580,NA,3486,3722,3394,3720,NA,NA
"31","Colombia",6.1,6.28,6.44,6.44,6.29,6.62,6.35,6.25,6.09,6.11,5.95,6.29,5.55,5.9,6.23,6.06,5.95,NA,NA,2.38,2.43,2.52,2.44,2.65,2.43,2.42,2.32,2.71,2.62,2.77,2.67,2.46,2.66,2.51,2.47,2.44,NA,NA,998,995,997,993,994,997,990,998,981,984,983,981,996,995,997,1000,995,NA,NA
"32","Comoros",NA,3.57,3.78,3.82,3.94,NA,NA,NA,NA,NA,4.14,4.64,NA,3.79,NA,NA,NA,NA,NA,NA,1.52,1.64,1.39,1.38,NA,NA,NA,NA,NA,2.88,3.19,NA,2.94,NA,NA,NA,NA,NA,NA,1995,1996,1999,999,NA,NA,NA,NA,NA,965,950,NA,960,NA,NA,NA,NA,NA
"33","Congo Brazzaville",3.92,NA,NA,4.71,3.94,4.1,4.12,4.78,4.28,4.81,5.32,5.24,5,5.69,NA,4.96,NA,NA,NA,2.05,NA,NA,1.98,2.08,2.87,2.38,2.94,2.7,2.83,3.22,3.26,3.35,3.42,NA,3.62,NA,NA,NA,997,NA,NA,998,499,990,983,991,984,923,919,1049,956,953,NA,945,NA,NA,NA
"34","Congo Kinshasa",NA,4.15,NA,4.64,4.71,4.67,4.64,4.14,4.72,4.52,NA,NA,NA,3.65,NA,NA,NA,NA,NA,NA,1.71,NA,1.61,1.29,1.63,1.55,1.75,1.56,2.62,NA,NA,NA,2.31,NA,NA,NA,NA,NA,NA,1000,NA,989,1000,998,1000,996,998,979,NA,NA,NA,988,NA,NA,NA,NA,NA
"35","Costa Rica",6.77,7.54,7.29,7.2,7.23,7.07,7.21,6.84,7.08,7.16,7.08,6.98,6.63,7.09,7.41,NA,7.04,NA,NA,2.01,2,1.95,2.15,2.1,2.08,2.2,2.3,2.24,2.28,2.3,2.22,2.24,2.23,2.19,NA,2.11,NA,NA,987,993,1001,992,995,996,998,991,984,991,993,993,1984,993,986,NA,980,NA,NA
"36","Croatia",NA,5.38,5.62,5.4,6.06,6.02,5.57,5.38,5.66,5.51,5.61,5.78,6.49,5.7,5.77,6.58,NA,NA,NA,NA,1.92,2.01,2.02,2.05,1.91,1.9,1.81,1.9,1.55,1.69,1.62,2.11,2.02,2.15,2.13,NA,NA,NA,NA,901,1001,1016,940,983,998,994,974,1000,992,1078,996,991,990,990,NA,NA,NA
"37","Cuba",NA,NA,NA,NA,NA,NA,NA,NA,NA,NA,NA,NA,NA,NA,NA,NA,5.45,NA,NA,NA,NA,NA,NA,NA,NA,NA,NA,NA,NA,NA,NA,NA,NA,NA,NA,2.11,NA,NA,NA,NA,NA,NA,NA,NA,NA,NA,NA,NA,NA,NA,NA,NA,NA,NA,994,NA,NA
"38","Cyprus",NA,6.81,6.4,6.68,6.31,5.61,5.77,5.7,5.91,6.31,6.37,6.23,6.44,6.17,NA,6.49,6.19,NA,NA,NA,2.09,2.19,2.2,2.15,2.47,2.37,2.33,2.31,2.16,2.05,2.02,1.99,2.04,NA,1.96,2.1,NA,NA,NA,495,994,993,496,493,1982,1023,999,998,1020,1034,1010,1009,NA,988,997,NA,NA
"39","Czech Republic",NA,NA,6.21,6.39,6.26,6.53,6.39,6.5,6.65,6.72,6.92,NA,7.17,6.86,6.39,7.09,NA,6.42,NA,NA,NA,1.9,1.92,2.03,1.99,2.04,1.8,1.7,1.68,1.7,NA,1.8,1.85,2.02,1.82,NA,2.03,NA,NA,NA,2066,996,1000,999,1004,999,997,995,982,NA,1004,997,1058,1004,NA,985,NA
"40","Denmark",7.92,7.7,7.79,7.77,7.62,7.59,7.58,7.63,7.61,7.65,7.71,7.78,7.77,7.73,7.8,7.59,NA,8,NA,1.46,1.57,1.52,1.58,1.69,1.67,1.63,1.55,1.64,1.66,1.62,1.4,1.57,1.5,1.62,1.73,NA,1.35,NA,1001,998,997,1002,997,752,1998,1002,1000,999,1000,1024,1009,1001,1007,998,NA,998,NA
"41","Djibouti",5.03,4.93,4.95,4.36,NA,NA,NA,NA,NA,NA,NA,NA,NA,NA,NA,NA,NA,NA,NA,1.51,1.39,2.2,2.38,NA,NA,NA,NA,NA,NA,NA,NA,NA,NA,NA,NA,NA,NA,NA,995,1998,1000,986,NA,NA,NA,NA,NA,NA,NA,NA,NA,NA,NA,NA,NA,NA,NA
"42","Dominican Republic",4.67,5.25,4.66,5.2,4.53,4.75,5.23,4.79,5.07,5.44,5.23,5.96,5.93,5.47,4.93,5.37,5.13,NA,NA,3.08,3.13,3.23,2.88,2.79,2.86,3.15,3.02,3.23,3.35,3.33,3.2,3.18,3.25,2.9,2.55,3.02,NA,NA,982,993,991,997,989,990,986,980,987,979,976,1055,974,978,987,1000,975,NA,NA
"43","Ecuador",5.24,5.88,5.88,5.62,5.79,5.79,5.78,5.8,6.05,5.78,6.02,5.8,5.78,5.87,4.93,5.55,5.1,NA,NA,2.11,2.29,2.02,2.36,2.23,2.24,2.3,2.52,2.4,2.79,2.68,2.5,2.34,2.52,2.12,2.36,2.31,NA,NA,1000,998,998,997,999,1000,997,1000,998,992,986,991,996,989,1058,994,1065,NA,NA
"44","Egypt",4.73,5.1,4.74,4.22,4.24,3.66,4.91,4.8,4.5,3.8,3.96,4.32,4.1,4.11,5.52,4.6,NA,5.23,NA,2.33,1.85,2.12,2.07,2.03,2.77,2.17,2.14,2.11,2.27,2.02,1.97,2.16,2.08,2.6,2.65,NA,2.63,NA,1096,2105,2034,5255,4178,1148,996,999,999,979,995,2061,998,1001,1022,981,NA,985,NA
"45","El Salvador",5.24,6.85,6.75,4.64,5.83,6.21,5.73,5.97,5.98,6.3,6.15,6.38,6.3,6.54,5.28,5.79,5.6,NA,NA,2.12,1.99,2.18,2.61,2.39,2.3,2.69,2.68,2.67,2.49,2.59,2.65,2.78,2.58,2.19,2.31,2.23,NA,NA,995,1004,993,980,993,997,978,961,942,977,975,1061,941,965,993,994,977,NA,NA
"46","Estonia",5.37,5.04,NA,5.25,5.19,5.24,5.37,5.42,5.36,5.78,5.92,5.9,6.72,6.52,5.29,6.56,5.36,NA,NA,1.71,1.89,NA,1.98,2,1.87,1.83,1.91,1.77,1.82,1.79,1.88,1.6,1.67,1.71,1.73,1.69,NA,NA,597,600,NA,1005,999,1010,994,993,991,995,997,1075,1018,1000,985,996,985,NA,NA
"47","Eswatini",NA,NA,NA,5.21,NA,NA,NA,NA,NA,NA,4.21,4.39,NA,3.74,NA,NA,NA,NA,NA,NA,NA,NA,2.07,NA,NA,NA,NA,NA,NA,2.37,2.7,NA,2.14,NA,NA,NA,NA,NA,NA,NA,NA,1000,NA,NA,NA,NA,NA,NA,989,1082,NA,989,NA,NA,NA,NA,NA
"48","Ethiopia",NA,NA,NA,NA,4.61,4.5,4.48,4.53,4.35,4.21,4.32,4.05,NA,3.67,NA,4.86,NA,NA,NA,NA,NA,NA,NA,1.87,1.8,1.99,1.84,1.8,1.81,1.99,2.28,NA,2.42,NA,2.26,NA,NA,NA,NA,NA,NA,NA,1499,997,999,988,985,993,997,2168,NA,985,NA,998,NA,NA,NA
"49","Finland",7.64,NA,7.48,7.51,7.49,7.47,7.42,7.51,7.67,7.82,7.91,7.88,7.96,7.96,NA,7.98,7.61,NA,NA,1.47,NA,1.66,1.52,1.58,1.59,1.58,1.54,1.5,1.42,1.38,1.42,1.34,1.35,NA,1.37,1.44,NA,NA,998,NA,997,994,998,749,1995,999,998,1000,1000,1025,1005,999,NA,1000,1000,NA,NA
"50","France",6.95,6.38,6.72,6.82,6.68,6.67,6.65,6.55,6.65,6.84,6.79,6.8,6.73,6.7,NA,6.82,6.49,7.01,NA,1.62,1.93,1.76,1.7,1.76,1.81,1.79,1.78,1.71,1.59,1.6,1.62,1.71,1.87,NA,1.43,1.86,1.66,NA,1000,984,998,990,1986,744,1992,998,999,996,999,1025,998,996,NA,996,1195,985,NA
"51","Gabon",NA,NA,NA,4.4,4.17,3.8,4.03,4.73,4.9,4.78,4.82,4.91,5,5.09,NA,NA,NA,NA,NA,NA,NA,NA,1.92,1.94,1.8,1.93,2.03,2.21,2.3,2.4,2.54,2.1,2.77,NA,NA,NA,NA,NA,NA,NA,NA,1000,995,1008,1004,985,984,980,976,1063,1976,992,NA,NA,NA,NA,NA
"52","Gambia",NA,NA,NA,NA,NA,NA,NA,NA,NA,4.08,4.92,5.24,NA,4.29,NA,NA,NA,NA,NA,NA,NA,NA,NA,NA,NA,NA,NA,NA,2.52,3.05,3.43,NA,2.68,NA,NA,NA,NA,NA,NA,NA,NA,NA,NA,NA,NA,NA,NA,981,969,1101,NA,976,NA,NA,NA,NA,NA
"53","Georgia",4.07,3.61,4.06,4.15,4.17,4.21,4.32,4.1,4.42,4.38,4.61,4.71,4.85,5.12,3.64,5.38,3.62,NA,NA,1.96,2.03,1.85,1.92,1.95,1.88,2.05,1.99,1.94,1.84,2.23,2.26,2.34,2.25,1.87,2.19,1.95,NA,NA,1077,979,988,997,995,983,993,996,998,1000,993,1068,994,991,994,996,996,NA,NA
"54","Germany",6.56,6.56,6.65,6.7,6.77,6.94,6.98,7,6.93,7.11,7.15,7.12,6.77,6.67,6.39,7.35,NA,6.58,NA,1.78,1.9,1.9,1.8,1.81,1.86,1.69,1.64,1.77,1.42,1.59,1.65,1.83,1.91,1.92,1.47,NA,1.8,NA,3009,2000,1004,9085,13210,749,2010,999,1999,1000,999,1020,999,997,1211,1000,NA,1000,NA
"55","Ghana",5.05,4.34,4.63,5.72,5.08,5,4,3.98,4.55,5.55,5.15,4.97,4.52,4.29,5.28,5.51,4.86,NA,NA,1.67,1.91,1.88,2.49,2.09,1.92,2.4,2.13,2.7,2.5,2.46,2.43,2.3,2.69,2.02,2.58,1.87,NA,NA,992,990,999,999,999,1004,983,986,981,965,989,1002,997,988,990,911,996,NA,NA
"56","Greece",NA,6.12,5.88,5.38,5.18,4.7,4.68,5.56,5.32,5.18,5.39,5.95,6.41,5.86,6.64,6.12,NA,6.35,NA,NA,1.93,2.21,2.15,2.4,2.29,2.4,2.24,2.27,2.38,2.05,2.02,1.88,1.8,1.97,1.89,NA,2.27,NA,NA,995,994,997,999,1003,999,1000,1000,999,999,1080,1004,996,995,1002,NA,995,NA
"57","Guatemala",6.34,6.4,6.18,5.68,5.79,5.84,6.49,6.55,6.31,6.26,6.55,6.27,NA,6.21,6.31,NA,6.01,NA,NA,2.18,2.24,2.48,2.59,2.75,2.69,2.7,3.03,2.79,3.03,2.81,2.91,NA,2.66,2.1,NA,2.08,NA,NA,991,1004,997,983,979,988,960,917,940,971,950,1061,NA,965,982,NA,1007,NA,NA
"58","Guinea",NA,NA,NA,4.16,3.75,3.94,3.4,3.66,3.61,4.83,5.16,4.67,5.03,5.29,NA,NA,NA,NA,NA,NA,NA,NA,1.73,1.71,1.89,1.76,1.88,2.05,2.77,3.18,3.07,2.67,2.8,NA,NA,NA,NA,NA,NA,NA,NA,993,1000,1008,1000,996,997,903,908,1082,1956,906,NA,NA,NA,NA,NA
"59","Guyana",NA,NA,NA,NA,NA,NA,NA,NA,NA,NA,NA,NA,NA,NA,6.02,NA,NA,NA,NA,NA,NA,NA,NA,NA,NA,NA,NA,NA,NA,NA,NA,NA,NA,1.82,NA,NA,NA,NA,NA,NA,NA,NA,NA,NA,NA,NA,NA,NA,NA,NA,NA,NA,501,NA,NA,NA,NA
"60","Haiti",3.8,NA,3.77,4.86,4.42,4.63,3.92,3.51,3.34,3.76,3.67,NA,NA,NA,NA,NA,3.76,NA,NA,1.86,NA,1.61,1.7,1.78,2.29,2.21,2.34,2.15,2.15,2.97,NA,NA,NA,NA,NA,1.84,NA,NA,495,NA,503,502,503,504,498,503,501,499,489,NA,NA,NA,NA,NA,499,NA,NA
"61","Honduras",5.48,6.07,5.89,4.98,4.67,4.75,5.04,4.68,5.57,5.93,5.7,5.87,6.11,5.84,5.11,NA,5.34,NA,NA,2.71,2.65,2.67,2.62,2.54,2.88,2.78,3.03,3,3.02,3.08,3.14,3.03,3.1,2.65,NA,2.71,NA,NA,992,990,992,991,997,978,965,988,961,983,967,964,973,979,984,NA,965,NA,NA
"62","Hong Kong",5.31,5.62,5.82,5.57,5.62,NA,5.5,NA,5.45,5.31,NA,5.7,5.4,5.41,NA,5.48,5.67,NA,NA,1.85,1.87,1.68,1.9,1.86,NA,1.8,NA,1.84,1.82,NA,1.77,1.86,1.82,NA,1.87,1.82,NA,NA,745,742,751,1023,1000,NA,2004,NA,1003,1005,NA,1000,1006,1003,NA,1005,794,NA,NA
"63","Hungary",NA,4.86,4.64,4.85,4.7,4.86,5.1,5.28,5.38,5.93,5.72,5.64,6.34,6.08,4.85,6.28,NA,5.23,NA,NA,2,1.91,2.05,2.02,2.17,1.86,1.84,1.84,1.83,1.79,2.05,1.94,1.9,2.06,2,NA,2.04,NA,NA,1004,1005,1007,1003,1015,1001,999,991,1000,998,1075,998,1007,990,999,NA,1017,NA
"64","Iceland",6.87,NA,NA,NA,7.6,7.51,NA,NA,7.51,7.64,NA,7.68,7.64,7.57,NA,7.74,NA,NA,NA,1.93,NA,NA,NA,1.57,1.54,NA,NA,1.63,1.52,NA,1.47,1.53,1.48,NA,1.43,NA,NA,NA,501,NA,NA,NA,995,495,NA,NA,1113,498,NA,501,496,498,NA,496,NA,NA,NA
"65","India",5.53,4.97,5.2,4.8,4.74,4.54,4.3,4.3,4.2,4,3.78,NA,4.29,4.06,5.59,3.11,5.97,NA,NA,1.52,1.86,1.95,1.8,1.96,2.08,2.4,2.06,1.76,1.67,2.23,NA,2.89,2.93,1.62,2.94,2.05,NA,NA,1943,2976,5958,3517,9949,5443,2969,2990,2998,2941,2962,NA,12146,2978,3169,6508,2063,NA,NA
"66","Indonesia",4.87,5.43,5.46,5.24,5.39,5.29,5.64,5.14,5.07,5.17,5.32,5.47,5.41,5.57,5.1,NA,4.98,NA,NA,1.57,1.68,1.61,1.42,1.57,1.65,1.61,2.02,2.44,2.23,2.47,2.59,2.33,2.39,1.5,NA,1.7,NA,NA,1045,1080,1071,999,2978,988,989,972,968,972,985,2118,2105,987,998,NA,1156,NA,NA
"67","Iran",5.19,NA,NA,4.9,4.74,5.19,4.93,4.85,4.79,4.84,4.45,4.98,4.78,4.91,5.32,4.9,NA,5.29,NA,2.06,NA,NA,2.4,2.43,2.45,2.5,2.44,2.43,2.48,2.33,2.5,2.34,2.36,2.22,2.46,NA,1.98,NA,1039,NA,NA,974,3478,989,1991,990,987,988,998,1049,1005,1002,1001,1002,NA,1287,NA
"68","Iraq",4.68,5.01,5.11,4.83,4.87,4.98,4.76,4.58,4.56,4.56,NA,4.97,5.3,5.11,NA,4.96,NA,NA,NA,1.73,1.71,1.74,1.73,1.92,2.77,2.76,2.73,2.77,2.7,NA,2.47,2.57,2.66,NA,2.58,NA,NA,NA,982,1978,1973,1988,1976,973,1969,977,1000,984,NA,2095,1002,1044,NA,989,NA,NA,NA
"69","Ireland",7.58,7.17,7.24,7.02,6.9,6.82,7.01,6.86,7.09,7.09,7.08,7.29,6.78,6.85,NA,7.16,7.24,NA,NA,1.51,1.87,1.9,1.83,1.9,1.93,1.65,1.79,1.75,1.72,1.75,1.58,1.99,1.82,NA,1.51,1.83,NA,NA,998,499,993,994,997,999,1995,997,1000,998,1000,1023,1000,999,NA,999,977,NA,NA
"70","Israel",7.26,7.42,7.36,7.44,7.11,7.31,7.4,7.06,7.09,7.33,6.93,NA,7.44,7.53,6.87,7.12,7.16,NA,NA,1.87,1.7,1.59,1.72,1.73,1.57,1.55,1.75,1.68,1.49,1.74,NA,1.54,1.44,1.96,1.64,1.85,NA,NA,998,999,999,1000,993,999,998,997,995,1000,1007,NA,998,999,982,2150,998,NA,NA
"71","Italy",6.85,6.55,6.42,6.15,6.07,6.12,6.2,5.9,6.19,6.33,6.69,6.63,6.6,6.33,6.56,6.77,NA,6.97,NA,1.89,1.97,1.86,1.61,2.03,1.67,1.87,1.67,1.71,1.84,1.46,1.6,1.72,1.8,1.88,1.41,NA,1.73,NA,992,998,990,1000,2003,1002,1995,1000,997,999,999,1025,1000,1000,999,1000,NA,989,NA
"72","Ivory Coast",NA,4.28,NA,NA,NA,3.97,3.66,4.59,4.7,5.01,5.37,5.33,5.35,5.08,NA,5.51,NA,NA,NA,NA,1.47,NA,NA,NA,1.99,1.62,2.16,2.36,2.57,2.92,3,2.88,2.75,NA,2.33,NA,NA,NA,NA,1000,NA,NA,NA,1007,1000,990,972,958,945,980,978,996,NA,999,NA,NA,NA
"73","Jamaica",NA,NA,NA,5.33,NA,5.7,5.3,NA,NA,5.85,NA,NA,5.65,5.68,NA,6.4,6.21,NA,NA,NA,NA,NA,2.39,NA,2.79,2.83,NA,NA,2.48,NA,NA,2.63,3.04,NA,2.93,1.91,NA,NA,NA,NA,NA,491,NA,492,491,NA,NA,492,NA,NA,991,492,NA,495,536,NA,NA
"74","Japan",5.96,5.98,6.1,6.25,6.02,5.86,5.91,5.94,5.95,5.84,5.9,5.94,6.16,6.24,6.23,6.13,NA,6.49,NA,1.91,1.82,2.03,1.95,1.87,1.97,1.88,1.92,1.89,1.97,1.9,1.9,2,1.98,1.95,1.89,NA,1.79,NA,2991,1000,998,999,1991,994,1994,989,995,988,999,1018,1005,1000,1149,1014,NA,996,NA
"75","Jordan",5.01,6.08,5.66,5.62,5.15,5.34,5.31,5.54,5.31,4.82,4.71,4.48,4.31,4.23,5.62,4.31,NA,6.3,NA,2.4,1.87,2.17,2.04,2.14,2.53,2.58,2.47,2.63,2.49,2.71,2.91,2.81,2.88,2.08,2.64,NA,2.01,NA,1007,2011,1981,1996,1990,996,997,998,996,1001,1000,998,995,997,1013,1008,NA,986,NA
"76","Kazakhstan",5.8,5.42,5.46,5.75,5.8,5.84,5.93,5.88,5.49,5.91,6.06,6.18,6.31,6.1,5.85,6.28,5.49,NA,NA,1.83,1.72,1.84,1.77,2,1.8,2.08,1.97,1.98,1.73,1.86,2.02,1.94,1.95,1.78,2.01,1.8,NA,NA,959,975,961,976,969,982,981,992,979,998,988,1057,985,999,992,990,999,NA,NA
"77","Kenya",3.99,4.25,4.28,4.47,4.64,3.81,4.94,4.41,4.49,4.58,4.67,4.64,4.51,4.49,4.59,4.75,4.36,NA,NA,1.4,1.67,1.62,1.75,1.76,1.61,2.26,2.14,2.46,2.5,2.64,3.02,3.1,2.74,1.62,2.42,1.7,NA,NA,2192,999,1000,1000,999,988,998,999,996,994,990,987,995,995,999,1004,999,NA,NA
"78","Kosovo",5.56,5.74,5.23,4.98,5.74,6.2,5.02,5.05,5.76,6.12,6.39,6.44,6.59,6.13,4.97,6.39,NA,NA,NA,1.94,1.88,1.98,2.01,2.37,2.29,1.72,2.27,2.32,2.44,2.54,2.45,2.47,2.37,1.94,2.62,NA,NA,NA,1042,987,1011,1042,1012,995,999,992,994,991,995,1087,999,995,1018,998,NA,NA,NA
"79","Kuwait",NA,6.6,6.77,6.49,6.24,6.58,6.02,6.06,6.03,6.17,NA,6.06,NA,6.7,NA,NA,6.03,NA,NA,NA,1.6,1.5,1.51,1.59,2.09,2.29,2.33,2.31,2.33,NA,2.49,NA,2.01,NA,NA,1.63,NA,NA,NA,1993,2000,1990,997,1008,991,1978,989,986,NA,1997,NA,987,NA,NA,970,NA,NA
"80","Kyrgyzstan",4.69,4.95,5.03,4.87,5.16,5.38,5.29,4.89,4.89,5.55,5.26,5.67,5.54,5.62,4.59,6.21,4.58,NA,NA,1.69,1.65,1.57,1.52,1.58,1.77,2.04,1.82,1.87,1.94,1.86,2.11,1.94,1.93,1.58,2.18,1.75,NA,NA,994,996,996,995,995,963,985,989,995,996,981,1060,996,1000,993,988,999,NA,NA
"81","Laos",5.02,NA,NA,4.79,4.91,NA,NA,NA,NA,4.71,4.78,5.05,4.94,5.09,5.33,5.38,5.11,NA,NA,1.1,NA,NA,0.96,1.68,NA,NA,NA,NA,1.87,2.2,2.47,2.4,2.41,1.15,2.19,0.85,NA,NA,1000,NA,NA,1000,941,NA,NA,NA,NA,810,2136,846,836,863,991,922,998,NA,NA
"82","Latvia",5.15,4.66,NA,4.87,5.23,5.17,5.67,5.9,5.95,5.96,5.89,5.92,6.61,6.26,4.68,6.42,4.73,NA,NA,1.78,1.86,NA,1.97,1.95,1.72,1.98,1.75,1.7,1.79,1.71,1.61,1.65,1.71,1.68,1.73,1.65,NA,NA,510,512,NA,1001,993,986,988,982,998,989,992,1064,1015,1008,1011,993,988,NA,NA
"83","Lebanon",4.69,5.33,5.15,5.27,4.66,5.11,5.3,5.29,5.35,5.17,5.17,NA,2.25,2.47,NA,3.42,4.62,5.5,NA,2.51,2.31,2.31,2.15,2.31,2.32,2.28,2.1,2.15,1.98,2.17,NA,2.37,2.14,NA,2.27,2.42,2.26,NA,999,1998,2023,2005,2010,997,997,998,999,1000,997,NA,997,998,NA,2088,1000,993,NA
"84","Lesotho",NA,NA,NA,4.94,NA,NA,NA,NA,3.75,3.75,NA,3.64,NA,3.46,NA,NA,NA,NA,NA,NA,NA,NA,2.58,NA,NA,NA,NA,3.01,2.83,NA,3.03,NA,3.22,NA,NA,NA,NA,NA,NA,NA,NA,998,NA,NA,NA,NA,987,959,NA,971,NA,995,NA,NA,NA,NA,NA
"85","Liberia",4.4,NA,4.48,NA,NA,NA,4.61,2.77,3.42,4.28,4.22,5.21,NA,4.08,3.79,NA,NA,NA,NA,1.51,NA,1.72,NA,NA,NA,2.94,2.77,2.64,3.4,3.71,4.03,NA,3.9,1.74,NA,NA,NA,NA,998,NA,1000,NA,NA,NA,953,981,963,982,981,974,NA,995,997,NA,NA,NA,NA
"86","Libya",NA,NA,NA,NA,5.75,NA,NA,5.56,5.45,5.59,5.62,5.55,NA,5.84,NA,NA,NA,NA,NA,NA,NA,NA,NA,2.26,NA,NA,2.56,2.61,2.46,2.38,2.45,NA,2.4,NA,NA,NA,NA,NA,NA,NA,NA,NA,996,NA,NA,997,984,996,985,1027,NA,996,NA,NA,NA,NA,NA
"87","Lithuania",5.48,5.41,5.07,5.39,5.75,5.55,6.19,5.81,5.94,6.3,6.3,5.94,7.04,6.91,5.81,6.63,5.93,NA,NA,1.95,2.22,1.97,1.87,1.91,1.77,1.82,1.89,1.9,2.19,1.93,2.08,1.8,1.7,1.95,1.8,1.83,NA,NA,500,495,970,980,987,965,980,974,967,989,950,957,1001,954,977,985,996,NA,NA
"88","Luxembourg",NA,7.05,7.1,7.17,7.14,7.27,7.07,6.87,7.1,7.14,7.33,7.49,NA,7.26,NA,NA,NA,NA,NA,NA,1.62,1.59,1.57,1.71,1.3,1.46,1.46,1.36,1.37,1.29,1.25,NA,1.55,NA,NA,NA,NA,NA,NA,500,1001,993,994,500,1997,1000,1000,998,997,1024,NA,997,NA,NA,NA,NA,NA
"89","Madagascar",4.78,NA,NA,4.52,3.59,4.01,3.81,3.76,3.81,4.04,4.2,4.32,NA,4.13,NA,NA,4.01,NA,NA,1.37,NA,NA,1.34,1.49,1.66,1.71,1.47,1.57,2.26,2.44,2.29,NA,2.46,NA,NA,1.41,NA,NA,999,NA,NA,1000,999,1007,1005,998,999,959,957,993,NA,959,NA,NA,1000,NA,NA
"90","Malawi",NA,5.16,NA,3.94,4.45,4.21,4.52,3.91,3.59,3.6,3.35,3.86,3.75,3.34,4.65,NA,4.13,NA,NA,NA,2.38,NA,2.47,2.69,2.64,2.84,2.54,2.25,2.76,3.04,3.61,3.42,3.28,1.92,NA,2.12,NA,NA,NA,1000,NA,1000,998,1000,1000,994,998,994,977,968,995,995,999,NA,999,NA,NA
"91","Malaysia",5.88,5.51,5.62,5.85,5.93,5.76,6,6.11,NA,NA,5.29,5.38,6.23,6.07,6.29,NA,6.08,NA,NA,1.6,1.54,1.46,1.55,1.57,2.06,2.17,2.08,NA,NA,1.64,2.16,2.16,2.11,1.59,NA,1.59,NA,NA,991,1003,999,999,998,995,1981,1001,NA,NA,993,1027,1979,973,1227,NA,1003,NA,NA
"92","Maldives",NA,NA,NA,NA,NA,NA,NA,NA,NA,NA,NA,5.2,NA,NA,NA,NA,NA,NA,NA,NA,NA,NA,NA,NA,NA,NA,NA,NA,NA,NA,2.13,NA,NA,NA,NA,NA,NA,NA,NA,NA,NA,NA,NA,NA,NA,NA,NA,NA,NA,994,NA,NA,NA,NA,NA,NA,NA
"93","Mali",4.24,3.99,3.82,4.72,4.33,3.81,3.9,4.57,3.94,4.66,4.52,5.02,4.17,4.36,NA,4.37,4.01,NA,NA,1.43,1.65,1.53,1.82,1.98,1.89,1.82,1.79,1.66,2.5,2.57,3.06,2.95,2.72,NA,2.87,1.61,NA,NA,1000,999,1000,1000,999,999,1000,977,962,950,955,1103,982,1000,NA,978,997,NA,NA
"94","Malta",NA,6.27,5.83,6.19,6.01,6.38,6.47,6.53,6.63,6.75,6.87,6.74,6.54,6.31,NA,6.24,NA,NA,NA,NA,2.31,2.29,2.1,2.19,1.89,1.85,1.9,1.85,1.9,1.87,1.73,1.84,1.95,NA,2.08,NA,NA,NA,NA,501,991,1000,995,495,2008,995,1010,1003,1010,1024,999,1002,NA,1000,NA,NA,NA
"95","Mauritania",4.26,4.49,4.81,4.81,4.85,4.35,4.75,4.02,4.51,4.8,4.58,4.35,NA,4.83,4.15,NA,NA,NA,NA,1.64,1.56,1.59,1.71,1.41,1.74,1.85,1.54,2.16,2.17,2,2.46,NA,3.18,1.88,NA,NA,NA,NA,966,1944,2000,1999,996,994,996,998,994,977,940,1076,NA,980,965,NA,NA,NA,NA
"96","Mauritius",NA,NA,NA,5.54,NA,NA,5.69,NA,5.59,6.13,6.06,6.25,6.11,5.85,NA,6.1,NA,NA,NA,NA,NA,NA,1.92,NA,NA,1.94,NA,2.09,2.21,2.31,2.11,2.09,2.17,NA,2.03,NA,NA,NA,NA,NA,NA,997,NA,NA,997,NA,995,992,993,1040,989,986,NA,996,NA,NA,NA
"97","Mexico",6.86,6.94,6.85,6.93,7.44,7.51,6.69,6.29,6.82,6.23,6.56,6.27,6.38,6.89,6.56,6.21,NA,6.74,NA,2.08,2.22,2.16,2.27,2.01,2.06,2.15,2.06,1.96,2.35,2.28,2.48,2.17,2.17,2.04,2.3,NA,2.16,NA,1000,995,997,997,1977,989,1016,1029,1000,990,1029,980,998,991,999,1002,NA,988,NA
"98","Moldova",5.47,5.51,5.47,5.75,5.91,5.65,5.85,5.89,5.52,5.29,5.58,5.62,5.77,5.68,4.79,5.92,4.93,NA,NA,1.99,1.94,2.02,1.97,1.95,1.96,1.82,1.74,1.87,1.86,2.05,2.42,2.28,2.24,1.93,2.11,1.89,NA,NA,987,980,988,977,963,983,984,989,988,994,995,1051,983,979,980,991,987,NA,NA
"99","Mongolia",4.39,NA,4.59,5.06,4.79,4.9,4.77,4.87,4.98,5.39,5.43,5.65,5.73,5.87,4.61,5.96,NA,NA,NA,1.61,NA,1.73,1.67,1.57,1.7,1.69,1.85,1.71,2.09,2.03,2,2.02,2.23,1.69,1.83,NA,NA,NA,979,NA,995,995,993,994,995,995,992,994,996,1066,997,998,943,998,NA,NA,NA
"100","Montenegro",NA,4.93,5.45,5.4,5.42,5.27,5.33,5.07,5.4,5.69,5.68,5.34,NA,5.59,5.22,5.97,NA,NA,NA,NA,2.15,1.75,2.03,2.25,2.12,2.42,2.5,2.21,2.11,2.29,2.14,NA,1.96,2.33,2.32,NA,NA,NA,NA,998,986,997,996,992,1000,1000,1000,997,999,1076,NA,991,809,996,NA,NA,NA
"101","Morocco",NA,NA,4.73,5.19,4.98,5.13,NA,5.08,5.28,5.33,4.77,5.06,5.27,4.63,NA,4.98,NA,NA,NA,NA,NA,1.65,1.51,1.92,1.9,NA,2.06,2.2,2.34,2.74,2.62,2.45,2.69,NA,2.64,NA,NA,NA,NA,NA,1003,993,2971,993,NA,2036,967,957,859,926,965,967,NA,974,NA,NA,NA
"102","Mozambique",4.85,NA,NA,5.07,NA,NA,NA,4.7,NA,4.47,4.85,5.21,5.36,4.98,4.82,NA,4.61,NA,NA,1.57,NA,NA,2.08,NA,NA,NA,3.03,NA,2.97,3.2,3.75,3.5,3.32,1.64,NA,1.78,NA,NA,999,NA,NA,1000,NA,NA,NA,978,NA,959,954,967,901,935,985,NA,1000,NA,NA
"103","Myanmar",NA,NA,NA,NA,4.36,4.12,4.67,4.18,4.62,4.12,4.46,4.45,4.31,4.8,NA,4.52,NA,NA,NA,NA,NA,NA,NA,1.72,1.78,1.5,1.6,1.86,2.26,2.31,2.41,2.33,2.11,NA,2.29,NA,NA,NA,NA,NA,NA,NA,1016,1020,1020,1017,1017,1519,967,1076,999,993,NA,996,NA,NA,NA
"104","Nagorno Karabakh",NA,NA,NA,NA,NA,4.91,NA,NA,NA,NA,NA,NA,NA,NA,NA,NA,NA,NA,NA,NA,NA,NA,NA,NA,1.7,NA,NA,NA,NA,NA,NA,NA,NA,NA,NA,NA,NA,NA,NA,NA,NA,NA,NA,996,NA,NA,NA,NA,NA,NA,NA,NA,NA,NA,NA,NA,NA
"105","Namibia",NA,NA,NA,NA,NA,NA,4.48,NA,NA,4.6,4.92,4.57,4.61,5.05,4.9,4.68,NA,NA,NA,NA,NA,NA,NA,NA,NA,2.69,NA,NA,2.71,1.98,2.84,2.71,2.58,1.56,2.82,NA,NA,NA,NA,NA,NA,NA,NA,NA,985,NA,NA,987,995,994,997,990,1000,987,NA,NA,NA
"106","Nepal",4.57,4.83,4.29,3.7,4.14,4.66,4.9,4.81,5.12,4.76,4.93,5.41,4.68,5.5,4.66,6.03,4.55,NA,NA,1.54,1.73,1.87,1.63,1.78,1.86,2.01,2.64,2.32,2.48,2.9,3.09,2.8,2.92,1.77,2.46,1.55,NA,NA,1001,998,986,973,1874,1022,966,947,941,968,980,1954,986,969,993,997,986,NA,NA
"107","Netherlands",7.61,NA,7.52,7.49,7.55,7.54,7.35,7.32,7.55,7.51,7.52,7.55,7.48,7.5,7.51,7.58,NA,7.56,NA,1.05,NA,1.31,1.4,1.27,1.23,1.37,1.45,1.27,1.31,1.21,1.27,1.18,1.28,1.37,1.14,NA,1.15,NA,997,NA,998,994,999,750,1998,1002,1000,1000,1002,1028,999,1006,997,1005,NA,995,NA
"108","New Zealand",7.37,NA,7.3,7.23,7.24,7.42,7.35,7.52,7.37,7.44,7.47,7.45,7.4,7.13,7.61,7.47,7.44,NA,NA,1.67,NA,1.72,1.73,1.76,1.6,1.68,1.56,1.67,1.65,1.58,1.67,1.61,1.69,1.59,1.73,1.68,NA,NA,744,NA,747,998,1006,499,1998,1007,1003,999,997,1040,998,1000,748,998,1024,NA,NA
"109","Nicaragua",5.13,5.36,5.57,5.27,5.41,5.74,6.22,5.8,5.81,6.37,5.81,6.15,6.07,6.32,4.93,6.47,4.8,NA,NA,2.64,2.64,2.55,2.74,2.48,2.52,2.74,2.94,2.82,2.77,2.7,2.86,2.97,2.9,2.86,2.23,2.7,NA,NA,997,1004,990,982,974,945,951,945,942,966,961,1053,970,977,996,994,966,NA,NA
"110","Niger",4.25,4.32,4.15,4.58,3.77,3.84,4.2,3.78,4.33,4.57,5.24,5.07,NA,4.69,4.41,NA,3.8,NA,NA,1.45,1.34,1.27,1.5,1.29,1.75,1.73,2,2.23,2.65,3.46,3.06,NA,2.76,1.51,NA,1.61,NA,NA,1000,993,1000,1000,1000,1008,1003,997,986,957,738,950,NA,960,958,NA,999,NA,NA
"111","Nigeria",4.87,5,4.78,NA,5.57,4.98,NA,5.21,5.27,5.44,5.28,4.46,4.6,5.46,4.96,5.54,4.73,NA,NA,1.68,1.94,1.89,NA,1.77,2.05,NA,2.14,2.59,2.89,2.68,2.73,2.49,2.58,1.64,2.38,1.78,NA,NA,992,992,1000,NA,1995,997,NA,997,975,967,957,2926,990,996,987,958,984,NA,NA
"112","North Macedonia",NA,4.46,4.24,5.05,4.73,5.24,5.15,4.94,5.36,5.25,5.13,5,5.76,4.99,4.51,5.34,NA,NA,NA,NA,1.98,2.22,2.12,2.18,2.25,2.36,2.17,2.19,2.08,2.15,2.24,2.42,2.31,2.17,2.61,NA,NA,NA,NA,1004,992,1008,1020,1008,995,1022,1022,1004,1002,1072,1019,999,1034,995,NA,NA,NA
"113","Northern Cyprus",NA,NA,NA,NA,5.61,5.67,5.88,5.9,5.89,NA,5.52,5.51,NA,4.83,NA,NA,NA,NA,NA,NA,NA,NA,NA,2.59,2.43,2.26,2.09,1.8,NA,1.84,1.92,NA,2.48,NA,NA,NA,NA,NA,NA,NA,NA,NA,497,501,1992,994,998,NA,996,1047,NA,997,NA,NA,NA,NA,NA
"114","Norway",7.61,NA,NA,NA,7.66,NA,7.52,7.69,7.72,7.66,7.61,7.51,7.52,7.48,NA,7.39,7.46,NA,NA,1.53,NA,NA,NA,1.66,NA,1.6,1.55,1.53,1.57,1.5,1.59,1.53,1.6,NA,1.59,1.6,NA,NA,993,NA,NA,NA,994,NA,1993,1000,1998,999,999,1023,1007,1001,NA,1000,997,NA,NA
"115","Oman",NA,NA,NA,6.91,NA,NA,NA,NA,NA,NA,NA,NA,NA,NA,NA,NA,NA,NA,NA,NA,NA,NA,2.12,NA,NA,NA,NA,NA,NA,NA,NA,NA,NA,NA,NA,NA,NA,NA,NA,NA,NA,1998,NA,NA,NA,NA,NA,NA,NA,NA,NA,NA,NA,NA,NA,NA,NA
"116","Pakistan",4.57,5.41,5.75,5.18,5.19,5.39,5.66,4.83,5.66,5.83,5.57,NA,4.68,5.15,5.71,4.56,NA,5.18,NA,2.69,2.54,2.41,2.25,2.21,1.99,2.16,2.04,2.01,1.75,2.33,NA,2.74,2.51,2.59,2.5,NA,2.43,NA,2461,3111,1029,1000,3006,999,1000,1000,1000,1599,994,NA,2000,1011,1494,1087,NA,886,NA
"117","Palestine",4.48,4.62,4.91,4.87,4.76,4.96,4.85,4.83,4.99,4.79,4.65,4.53,NA,4.88,4.18,NA,4.78,NA,NA,2.42,2.24,2.12,2.1,2.16,2.14,2.35,2.24,2.36,2.45,2.57,2.52,NA,2.63,2.37,NA,2.32,NA,NA,999,2012,1998,1986,1994,996,995,1000,996,999,995,1086,NA,999,998,NA,992,NA,NA
"118","Panama",6.94,7,7.21,7.27,6.85,6.88,6.68,6.37,6.13,6.58,6.32,6.27,6.61,5.98,6.84,NA,6.2,NA,NA,2.04,2.26,2.05,2.07,2.39,2.3,2.56,2.75,2.68,2.75,2.5,2.86,2.67,2.73,2.27,NA,2.33,NA,NA,996,1013,998,997,999,1000,990,992,991,976,984,1070,985,989,992,NA,999,NA,NA
"119","Paraguay",5.32,5.42,5.75,5.55,5.67,5.83,5.02,5.35,5.58,NA,5.49,5.45,5.3,5.9,5.22,5.94,4.86,NA,NA,2.18,2.35,2.03,1.95,1.75,1.92,1.88,2.06,1.95,NA,2.46,2.66,2.77,2.61,2.05,2.06,1.95,NA,NA,997,992,987,995,990,996,998,995,998,NA,1988,1069,985,987,997,999,991,NA,NA
"120","Peru",5.15,5.71,5.87,5.82,5.9,5.78,5.86,5.62,5.78,5.81,5.69,5.94,5.5,5.86,5.33,NA,4.93,NA,NA,2.38,2.09,2.1,1.99,2.1,2.16,2.03,2.31,2.37,2.49,2.57,2.43,2.38,2.49,2.22,NA,2.21,NA,NA,991,988,994,989,993,997,977,972,977,984,984,984,1996,996,988,NA,987,NA,NA
"121","Philippines",4.67,4.89,4.93,5.1,4.99,5.05,5.24,5.48,5.41,5.58,5.78,6.26,6.13,NA,5.03,5.37,4.66,NA,NA,2.27,2.22,2.11,2.39,2.48,2.45,2.7,2.6,2.4,2.57,2.74,2.59,2.06,NA,2.08,2.06,2.26,NA,NA,989,994,994,990,1999,1000,1000,1000,1000,994,998,2085,1000,NA,995,998,1190,NA,NA
"122","Poland",NA,5.66,5.9,5.56,5.78,5.73,5.61,5.94,6.08,6.28,6.21,6.21,6.2,6.66,5.8,6.37,NA,5.85,NA,NA,1.9,1.95,2,1.94,1.91,2.08,1.85,1.89,1.6,1.71,1.56,1.91,1.5,1.92,1.87,NA,2.08,NA,NA,990,1925,1020,986,982,982,991,980,985,992,1067,999,989,982,1006,NA,991,NA
"123","Portugal",5.72,NA,5.23,5.21,5.22,5.24,5.36,5.29,5.63,5.91,6.23,6.39,6.36,6.26,NA,6.09,5.43,NA,NA,2.02,NA,2.07,2.1,2.42,2.24,2.23,2.22,2.06,2.07,1.94,1.85,1.9,2.02,NA,2.06,2.18,NA,NA,988,NA,1985,977,977,992,2004,1013,1004,991,1001,1021,998,1002,NA,997,963,NA,NA
"124","Puerto Rico",NA,NA,NA,NA,NA,NA,6.94,NA,NA,NA,NA,NA,NA,7.29,NA,NA,6.62,NA,NA,NA,NA,NA,NA,NA,NA,2.64,NA,NA,NA,NA,NA,NA,2.66,NA,NA,2.71,NA,NA,NA,NA,NA,NA,NA,NA,500,NA,NA,NA,NA,NA,NA,500,NA,NA,499,NA,NA
"125","Qatar",NA,6.43,6.95,6.69,6.79,NA,NA,6.5,NA,NA,NA,NA,NA,NA,NA,NA,NA,NA,NA,NA,1.58,2.08,2.35,2.17,NA,NA,2.09,NA,NA,NA,NA,NA,NA,NA,NA,NA,NA,NA,NA,1996,990,1021,1969,NA,NA,968,NA,NA,NA,NA,NA,NA,NA,NA,NA,NA,NA
"126","Romania",NA,5.27,4.66,4.91,5.17,5.09,5.48,5.71,5.8,5.91,6.05,6.03,6.87,6.28,5.11,NA,NA,5.28,NA,NA,2.13,2.33,2.17,2.39,2.24,2.38,2.13,2.23,2.12,2.21,2.22,1.99,2.3,2.18,NA,NA,2.29,NA,NA,992,990,998,986,994,981,986,993,979,987,1057,1963,991,969,NA,NA,1005,NA
"127","Russia",5.69,5.26,5.44,5.49,5.67,5.67,6.1,5.99,5.85,5.48,5.49,NA,5.61,6.03,5.31,5.5,5,NA,NA,2.11,2,1.94,2.01,2.09,1.93,2,2.05,2.07,2.2,2.21,NA,2.27,2.02,2,2.26,2.03,NA,NA,1978,1967,3879,1962,2913,1971,1962,1969,1940,1953,1955,NA,1989,1973,2878,4952,1959,NA,NA
"128","Rwanda",4.45,4.13,NA,4.3,3.57,3.61,3.74,3.53,3.4,3.09,3.5,3.23,NA,NA,NA,NA,4.34,NA,NA,1.54,1.54,NA,1.79,1.6,1.57,1.63,1.7,1.93,2.1,2.23,2.55,NA,NA,NA,NA,1.55,NA,NA,994,1000,NA,997,1000,1000,1000,998,995,983,986,981,NA,NA,NA,NA,1502,NA,NA
"129","Saudi Arabia",6.81,6.17,6.43,6.82,6.41,6.55,6.31,6.38,6.36,6.32,6.42,6.61,6.53,6.45,7.27,6.63,NA,7.06,NA,1.33,1.9,2.23,2.06,2.14,2.32,2.41,2.34,2.06,2.48,2.28,2.28,2.23,2.13,1.62,2.13,NA,1.83,NA,1145,2044,2030,2016,1077,2024,2008,1008,987,988,1001,1041,1005,1022,983,1038,NA,994,NA
"130","Senegal",4.97,4.65,4.57,4.05,3.72,3.83,4.49,4.81,4.68,4.76,4.86,5.35,4.97,4.91,4.68,4.84,4.58,NA,NA,1.37,1.41,1.46,1.74,1.72,1.51,1.39,1.59,1.79,1.92,1.93,2.85,2.75,2.94,1.59,2.63,1.49,NA,NA,998,1000,1000,1000,998,1000,1000,996,984,966,950,966,975,971,980,973,998,NA,NA
"131","Serbia",NA,4.4,4.48,4.77,5.06,5.19,5.17,5.29,5.53,5.14,5.9,6.29,6.41,6.49,4.62,6.17,NA,NA,NA,NA,2.02,1.94,2.2,2.39,2.17,2.19,2.16,2.39,2.36,2.26,2.2,2.2,2.15,2.03,2.42,NA,NA,NA,NA,1006,990,990,1017,1028,996,995,999,993,989,1075,995,995,1541,991,NA,NA,NA
"132","Sierra Leone",3.06,NA,4.32,4.69,NA,4.42,4.31,4.91,4.53,4.08,4.33,3.6,3.77,2.66,3.69,NA,3.88,NA,NA,1.7,NA,2.56,2.17,NA,2.64,2.76,3.45,3.37,2.6,3.03,2.64,3.53,2.64,1.82,NA,1.78,NA,NA,999,NA,997,1000,NA,1001,991,919,955,969,970,1100,989,987,997,NA,999,NA,NA
"133","Singapore",6.73,6.21,6.61,6.65,NA,6.47,7.06,6.57,5.98,6.36,6.46,6.39,6.58,6.42,6.88,NA,6.56,NA,NA,1.5,1.46,1.45,1.69,NA,1.55,1.46,1.62,1.32,1.42,1.54,1.47,1.79,1.79,1.27,NA,1.27,NA,NA,2535,1005,1001,999,NA,1000,1000,990,998,993,999,1038,994,1026,1000,NA,1092,NA,NA
"134","Slovakia",NA,NA,5.98,6.05,5.8,5.9,5.99,6.05,5.95,6.2,6.05,5.97,6.69,5.9,NA,6.64,5.16,NA,NA,NA,NA,1.85,1.93,1.98,1.89,1.89,1.97,1.96,1.93,1.77,2.01,1.89,1.86,NA,1.94,1.96,NA,NA,NA,NA,997,1001,1004,997,993,988,998,997,995,1055,1003,995,NA,999,1008,NA,NA
"135","Slovenia",NA,5.95,6.12,6.05,6.15,6.1,5.78,5.86,6.08,6.18,6.35,6.67,7.13,7,NA,6.63,5.93,NA,NA,NA,2.12,2.12,2.15,2.08,2.11,1.97,1.98,2.04,1.93,1.96,1.89,1.83,1.71,NA,1.8,1.95,NA,NA,NA,499,988,991,995,998,2014,1000,997,996,998,1023,1001,1029,NA,999,1008,NA,NA
"136","Somalia",NA,NA,NA,NA,NA,NA,5.59,5.38,4.67,NA,NA,NA,NA,NA,NA,NA,NA,NA,NA,NA,NA,NA,NA,NA,NA,2.66,2.25,2.22,NA,NA,NA,NA,NA,NA,NA,NA,NA,NA,NA,NA,NA,NA,NA,NA,989,999,1185,NA,NA,NA,NA,NA,NA,NA,NA,NA,NA
"137","Somaliland",NA,4.97,4.58,4.84,5.14,NA,NA,NA,NA,NA,NA,NA,NA,NA,NA,NA,NA,NA,NA,NA,1.96,1.68,1.96,1.91,NA,NA,NA,NA,NA,NA,NA,NA,NA,NA,NA,NA,NA,NA,NA,2000,2000,2000,1000,NA,NA,NA,NA,NA,NA,NA,NA,NA,NA,NA,NA,NA,NA
"138","South Africa",5.46,5.29,4.88,4.99,5.19,3.77,4.97,5.19,4.82,4.49,4.85,5.03,5.77,NA,5.47,5.24,5.37,NA,NA,1.83,2.2,1.94,1.89,2.19,2.07,2.11,1.99,2.65,2.39,2.68,3.11,2.72,NA,1.81,1.97,2.1,NA,NA,997,999,1000,1000,1998,1000,999,1000,995,993,988,1043,1031,NA,961,1018,977,NA,NA
"139","South Korea",5.57,5.71,5.92,6.93,5.92,5.83,5.76,5.74,5.85,5.85,5.76,5.76,6,5.94,5.68,5.69,5.68,NA,NA,2.03,2.06,2.1,2.13,2.16,2.21,2.24,2.1,2.17,2.07,2.09,2.13,2.06,2.16,2.11,2.06,2.17,NA,NA,994,979,969,982,1969,975,1966,986,987,990,1001,1009,993,1000,988,997,1089,NA,NA
"140","South Sudan",NA,NA,NA,NA,NA,NA,4.07,4.36,3.03,2.85,NA,NA,NA,NA,NA,NA,NA,NA,NA,NA,NA,NA,NA,NA,NA,3.09,3.2,3,2.76,NA,NA,NA,NA,NA,NA,NA,NA,NA,NA,NA,NA,NA,NA,NA,956,969,985,967,NA,NA,NA,NA,NA,NA,NA,NA,NA
"141","Spain",7.26,6.41,6.39,6.57,6.43,6.23,6.6,6.43,6.49,6.47,6.67,6.67,6.59,6.32,6.93,6.66,NA,7.13,NA,1.78,1.96,1.93,1.91,1.93,2.08,1.7,1.61,1.59,1.76,1.6,1.6,1.73,1.89,2.02,1.56,NA,1.75,NA,992,1005,997,1005,1999,1001,1998,1000,1000,998,1000,1025,1000,999,994,1000,NA,960,NA
"142","Sri Lanka",4.7,4.49,4.15,4.25,4.41,4.52,4.52,4.67,NA,4.48,4.46,4.38,4.48,3.93,4.59,4.87,4.34,NA,NA,1.75,1.97,1.84,1.84,1.82,1.82,1.97,2.14,NA,2.1,2.26,2.43,2.25,2.61,1.76,2.1,1.77,NA,NA,995,987,1015,994,2001,1011,1045,1052,NA,1067,1081,1061,996,987,987,994,1029,NA,NA
"143","Sudan",NA,4.59,4.68,4.62,4.68,NA,4.21,NA,NA,NA,NA,NA,NA,NA,NA,NA,NA,NA,NA,NA,1.86,1.63,1.73,1.58,NA,2.57,NA,NA,NA,NA,NA,NA,NA,NA,NA,NA,NA,NA,NA,1779,1807,1996,1000,NA,989,NA,NA,NA,NA,NA,NA,NA,NA,NA,NA,NA,NA
"144","Suriname",NA,NA,NA,NA,6.36,NA,NA,NA,NA,NA,NA,NA,NA,NA,NA,NA,NA,NA,NA,NA,NA,NA,NA,1.88,NA,NA,NA,NA,NA,NA,NA,NA,NA,NA,NA,NA,NA,NA,NA,NA,NA,NA,490,NA,NA,NA,NA,NA,NA,NA,NA,NA,NA,NA,NA,NA,NA
"145","Sweden",7.48,7.17,7.47,7.4,7.52,7.49,7.32,7.41,7.37,7.44,7.38,7.46,7.53,7.59,7.23,7.38,NA,7.38,NA,1.58,1.74,1.58,1.6,1.6,1.61,1.54,1.62,1.69,1.7,1.6,1.6,1.4,1.51,1.72,1.71,NA,1.63,NA,996,992,1000,992,997,748,1995,1000,986,1000,995,1023,1010,1001,991,996,NA,985,NA
"146","Switzerland",NA,7.49,NA,NA,7.71,NA,7.55,7.68,7.59,7.58,7.56,7.69,7.32,6.95,NA,7.58,7.45,NA,NA,NA,1.67,NA,NA,1.61,NA,1.52,1.62,1.62,1.5,1.56,1.43,1.81,1.95,NA,1.48,1.7,NA,NA,NA,998,NA,NA,997,NA,2005,501,999,1000,999,1024,1000,996,NA,997,996,NA,NA
"147","Syria",5.47,5.04,4.48,4.06,3.17,2.74,NA,3.5,NA,NA,NA,NA,NA,NA,NA,NA,NA,NA,NA,1.82,2.11,2.15,2.46,2.5,2.38,NA,2.78,NA,NA,NA,NA,NA,NA,NA,NA,NA,NA,NA,1206,2097,2012,2038,2000,988,NA,963,NA,NA,NA,NA,NA,NA,NA,NA,NA,NA,NA
"148","Taiwan",5.62,NA,6.44,6.48,6.36,6.53,6.47,6.55,6.57,6.42,6.58,6.59,6.45,6.81,NA,6.86,6.3,NA,NA,2.09,NA,1.89,1.72,1.92,1.81,1.73,1.72,1.83,1.83,1.64,1.7,2,1.64,NA,1.53,1.84,NA,NA,985,NA,983,993,995,995,1983,996,990,993,998,1028,994,997,NA,995,989,NA,NA
"149","Tajikistan",4.97,4.56,4.4,4.31,4.54,4.93,4.96,5.21,5.13,5.81,5.51,5.49,5.25,5.26,4.42,5.62,4.57,NA,NA,1.53,1.59,1.34,1.39,1.19,1.64,1.62,1.98,1.7,2.16,1.98,1.78,2.07,1.76,1.54,2.25,1.56,NA,NA,998,990,982,994,995,999,996,999,995,996,2991,1076,994,1000,996,988,989,NA,NA
"150","Tanzania",4.52,3.63,3.56,4.22,4.19,3.89,3.69,3.73,2.97,3.38,3.56,3.66,3.61,3.74,4.38,4.39,4.04,NA,NA,1.64,1.76,1.84,1.91,1.97,1.91,2.75,2.21,2.45,2.62,2.64,2.9,2.96,2.94,1.77,2.48,1.66,NA,NA,992,1000,1000,999,1000,1007,999,1000,998,996,991,978,973,990,994,992,959,NA,NA
"151","Thailand",5.69,5.55,6.25,6.65,6.41,6.26,7.01,6.11,6.04,5.82,5.89,5.9,6.19,5.88,5.7,6.42,5.96,NA,NA,1.81,1.71,1.68,1.8,1.75,1.58,2.04,1.78,2.27,2.31,2.14,2.36,2.31,2.27,1.73,2,1.67,NA,NA,1031,1016,998,1000,1995,998,1000,993,962,952,964,1955,996,973,1000,994,1405,NA,NA
"152","Togo",2.9,NA,NA,3.01,NA,NA,2.99,3.85,4.15,4.61,4.26,4.51,4.21,4.54,NA,NA,3.24,NA,NA,1.69,NA,NA,1.97,NA,NA,1.84,2.14,2.51,2.47,2.17,2.97,2.34,2.58,NA,NA,1.73,NA,NA,974,NA,NA,999,NA,NA,996,990,993,962,968,1110,980,984,NA,NA,999,NA,NA
"153","Trinidad and Tobago",6.68,NA,NA,6.45,NA,6.14,NA,NA,NA,6.14,NA,NA,NA,NA,NA,NA,5.78,NA,NA,2.04,NA,NA,1.9,NA,2.27,NA,NA,NA,2.51,NA,NA,NA,NA,NA,NA,2.41,NA,NA,501,NA,NA,504,NA,502,NA,NA,NA,497,NA,NA,NA,NA,NA,NA,505,NA,NA
"154","Tunisia",NA,5.08,5.16,4.94,4.48,5.35,4.82,5.2,4.54,4.23,4.79,4.39,4.54,4.38,NA,5,NA,NA,NA,NA,1.71,1.51,1.87,2.11,2.06,2.13,2.04,2.17,2.19,2.13,2.62,2.34,1.97,NA,2.47,NA,NA,NA,NA,1003,2083,2030,2029,1049,1050,997,993,998,981,975,984,996,NA,996,NA,NA,NA
"155","Turkey",5.16,5.32,5.57,5.42,5.52,5.15,5.71,5.64,5.53,5.66,5.29,4.86,4.77,5.2,5.63,5.23,NA,4.67,NA,2.31,1.96,2,2.48,1.94,2.19,2.31,2.38,2.29,1.63,2.12,2.38,2.45,2.18,2.01,2.42,NA,2.34,NA,994,990,995,1001,1997,1000,1988,990,995,993,999,2027,993,996,990,990,NA,980,NA
"156","Turkmenistan",NA,6.49,NA,5.77,5.45,5.43,5.78,5.82,5.9,5.16,4.62,5.44,NA,NA,NA,NA,NA,NA,NA,NA,1.76,NA,1.72,1.9,2.03,1.99,1.63,1.2,1.4,1.25,1.62,NA,NA,NA,NA,NA,NA,NA,NA,983,NA,999,993,994,995,998,1000,997,995,1087,NA,NA,NA,NA,NA,NA,NA
"157","Uganda",4.84,4.76,4.31,4.83,4.47,3.86,3.88,4.27,4.34,4.05,4.46,4.92,4.39,4.52,4.32,4.8,4.04,NA,NA,1.45,1.73,1.87,2,1.79,1.94,2.27,2.58,3.04,2.69,3,3.09,2.93,3.15,1.69,2.51,1.72,NA,NA,1000,1000,1000,1000,1000,1000,986,982,992,926,979,980,993,993,1000,1000,995,NA,NA
"158","Ukraine",5.19,5.2,5.28,5.18,5.15,4.69,4.3,4.01,4.1,4.15,4.63,4.57,5.54,4.87,5.29,5.64,4.88,NA,NA,1.96,2.07,1.7,1.97,1.91,1.76,1.93,1.97,2.09,2.21,2.06,2.16,2.25,2.3,1.96,2.3,1.96,NA,NA,1040,1052,994,987,970,977,955,967,990,990,973,1066,982,995,1053,992,1077,NA,NA
"159","United Arab Emirates",NA,6.92,7.13,7.17,7.2,6.79,6.64,6.89,7.07,7.3,6.87,6.88,6.75,6.76,NA,6.78,6.72,NA,NA,NA,2,1.86,1.64,1.69,2.08,2.14,2.09,2.19,1.99,2.28,2.23,2.47,2.27,NA,2.37,1.87,NA,NA,NA,2033,2051,2022,2010,993,989,2880,1836,1843,1845,1407,938,1029,NA,2875,1008,NA,NA
"160","United Kingdom",6.99,6.92,7.02,6.91,6.92,6.97,6.91,6.6,6.83,7.15,7.26,7.26,6.88,6.76,6.71,6.94,NA,6.97,NA,1.78,1.9,1.87,1.89,1.84,1.95,1.78,1.69,1.61,1.55,1.63,1.54,1.78,1.93,1.94,1.64,NA,1.63,NA,990,990,991,9164,13298,749,1998,1000,998,1000,999,1024,1000,1000,1198,1000,NA,1032,NA
"161","United States",7.24,7.3,7.35,7.24,7.22,7.24,7.28,6.99,7.01,7.23,7.14,7.2,7.19,6.9,7.5,7.28,7.26,NA,NA,1.86,2,2.05,1.93,2.08,1.94,1.97,2,1.91,1.75,1.97,1.75,1.76,1.93,1.68,1.79,1.89,NA,NA,1002,1001,1000,1004,2083,999,2038,1012,1026,1010,1003,1025,1005,1001,1224,1006,995,NA,NA
"162","Uruguay",5.63,6.19,6.02,6.53,6.46,6.28,6.5,6.48,6.26,6.25,6.24,NA,6.46,6.64,5.67,6.52,5.6,NA,NA,2.24,1.99,2.11,2.22,2.37,2.21,2.15,2.3,2.34,2.42,2.27,NA,2.19,2.24,2.07,2.02,2.3,NA,NA,996,978,982,974,994,997,991,995,988,993,997,NA,995,998,990,2070,1001,NA,NA
"163","Uzbekistan",5.3,5.28,5.12,5.77,6.01,5.96,6.09,6,5.93,6.47,6.27,6.22,6.16,6.13,NA,5.95,5.22,NA,NA,1.8,1.76,1.74,1.82,1.96,2.03,2.14,2.3,2.3,2.38,2.39,2.42,2.41,2.45,NA,2.26,1.94,NA,NA,960,958,972,990,992,985,983,991,976,992,996,1069,988,994,NA,989,979,NA,NA
"164","Venezuela",6.38,7.07,7.58,6.5,7.15,6.51,6.14,5.57,4.12,5.2,4.9,4.99,5.26,5.86,NA,4.69,6.47,7.17,NA,2.09,2.09,2.23,2.36,2.34,2.52,2.34,2.65,2.78,2.88,2.92,3.1,2.42,2.72,NA,2.64,2.17,2.55,NA,992,993,987,990,987,985,993,994,995,995,995,1077,1000,995,NA,994,994,992,NA
"165","Vietnam",5.42,5.44,5.28,5.81,5.53,5.04,5.01,5,5.05,5.15,5.29,5.5,5.88,6.19,5.45,NA,5.33,NA,NA,1.36,1.5,1.42,1.66,1.46,1.44,1.76,1.84,1.77,1.74,1.66,1.87,1.94,1.62,1.45,NA,1.36,NA,NA,990,1002,929,912,1925,989,943,947,1021,935,969,1961,1953,999,989,NA,948,NA,NA
"166","Yemen",NA,4.87,4.44,3.85,4.04,4.1,3.94,3.01,3.9,3.32,2.96,4.07,NA,NA,4.55,NA,NA,NA,3.39,NA,2.22,2.26,2.25,2.19,2.31,2.37,2.26,2.04,2.2,2.35,2.55,NA,NA,1.93,NA,NA,NA,2.39,NA,1981,1995,1972,1973,996,996,992,997,997,992,1112,NA,NA,998,NA,NA,NA,998
"167","Zambia",4.93,5.37,NA,5.33,5.3,5.44,4.69,5.08,4.5,4.04,4.31,3.43,3.33,4.05,4.33,5.06,4.92,NA,NA,1.75,1.95,NA,1.77,2.21,2.49,2.53,3.02,3.14,2.65,2.73,2.87,3.17,2.74,1.81,2.64,1.84,NA,NA,999,994,NA,1000,997,1000,999,995,965,984,970,977,971,998,992,1021,999,NA,NA
"168","Zimbabwe",3.05,4.08,4.68,4.84,5.05,4.81,4.18,3.79,3.8,3.75,3.55,2.72,3.21,3.43,3.41,3.58,3.76,NA,NA,1.66,1.95,1.5,1.74,1.81,1.97,2.08,2.2,2.76,2.53,2.42,2.63,2.63,2.52,1.87,2.33,1.97,NA,NA,1000,999,1000,1000,994,998,991,996,982,986,996,1073,997,999,989,999,994,NA,NA
