"","COUNTRYNEW","average_ls_val","n.x","rank_m","prior_ls_val","n.y","rank_p","sum_WGT_by_country","total_WGT","suff_ls_val","rank_s","ls_gini_val","n.x.x","rank_g","ninety_percentile","ten_percentile","ls_9010ratio","n.y.y","rank_9010"
"1","Afghanistan",1.85897797363619,1995,144,-1.01534696242934,1995,137,1947.12301981639,1993.2308963863,97.686776948245,144,0.523645682001573,1995,104,4.46723009993351,0,Inf,1995,133
"2","Albania",5.2773413516905,2946,86,0.372794908584356,2946,112,901.952929002991,2941.2884323161,30.6652322530897,87,0.517210943930099,2946,100,12.5085066554149,0.377915587990501,33.0986787867805,2946,118
"3","Algeria",5.39015842234592,2823,81,1.14861118455457,2823,62,754.573353844115,2809.60700729219,26.8569003382202,79,0.491464484728151,2823,87,12.013933822372,1.07249884016109,11.2018152118164,2823,69
"4","Argentina",6.02367541900138,3005,55,1.14754814002731,3005,63,622.30196764321,3004.99999999166,20.7088841146402,62,0.50777139057392,3005,96,13.9176250778976,1.22118076723734,11.3968590492816,3005,70
"5","Armenia",5.34169114530715,1966,83,0.604351154396376,1966,96,487.938810138285,1967.24506982673,24.803153283859,74,0.508344242742513,1966,97,13.2373796986847,0.649742652636548,20.3732656998422,1966,101
"6","Australia",7.09458005175734,2994,13,1.57187008025521,2994,22,231.573252449538,2995.50998543996,7.73067870162772,13,0.451745993681602,2994,60,16.4162228415179,1.56628607030634,10.480986297929,2994,61
"7","Austria",7.09732441761283,2998,12,1.64585086207698,2998,13,212.107443360738,2995.47212555117,7.08093530737531,10,0.412720378717629,2998,36,15.5683542486861,1.72146225441148,9.04368028331154,2998,54
"8","Bahrain",6.1731759897121,992,45,0.922459300005638,992,79,172.63708960153,984.043568140175,17.543642902703,47,0.51317234146882,992,99,15.6011994534562,0.694824966437506,22.4534238218964,992,106
"9","Bangladesh",4.28212244963834,2900,122,-0.0149601010699519,2900,125,1426.58229581337,2918.67371121803,48.8777587686573,119,0.555747876761609,2900,114,9.92521579524092,0,Inf,2900,133
"10","Belgium",6.8591452622332,2987,18,1.71596025109432,2987,8,199.866053016331,2982.95950102474,6.70026036047996,9,0.311279673066063,2987,3,12.4087727568707,2.76850234105555,4.48212471156503,2987,3
"11","Benin",4.37367636390113,3002,119,0.524701706743587,3002,101,1676.84849050705,2998.66527773308,55.9198288304691,128,0.557498365304898,3002,116,10.9010829886995,0.586460133973939,18.5879352358228,3002,95
"12","Bolivia",5.68183129036983,3966,72,1.18634500918509,3966,58,883.790850834272,3938.63563060773,22.4390101985114,67,0.424715391772512,3966,47,11.7512859778947,1.61006899815878,7.2986226002321,3966,34
"13","Bosnia Herzegovina",5.71309289462589,2977,71,1.10539379070014,2977,70,656.19635612263,2967.76517378494,22.1107910396344,66,0.436561280185434,2977,51,12.2016023485806,1.33760377827098,9.12198555864774,2977,55
"14","Botswana",3.43527510374182,1000,138,-1.30257518781092,1000,139,597.207777847938,998.881356958198,59.7876588333334,132,0.65562704024769,1000,143,7.99520266274589,0,Inf,1000,133
"15","Brazil",6.12456583655164,2981,51,1.12072197368276,2981,68,563.70160879109,2985.16375498217,18.8834400742768,53,0.482356062828032,2981,78,13.6178236962817,1.36659734353712,9.9647666964104,2981,59
"16","Bulgaria",5.46610513830512,2985,80,1.20847118380158,2985,56,841.030516674226,2980.47889424087,28.2179658543913,81,0.440204297790631,2985,53,10.9233451907817,1.51730734631553,7.19916450500738,2985,33
"17","Burkina Faso",4.6375875113409,1960,108,0.405964523197847,1960,108,886.337874179258,1940.46541688007,45.6765612243858,114,0.585537182272173,1960,130,11.5289248420045,0.392219354414906,29.3940742909099,1960,115
"18","Cambodia",4.3934718837505,2901,118,0.375118230024881,2901,111,1181.09860039165,2918.01204917996,40.47613856576,102,0.561810269357401,2901,118,11.2949125214179,0.430798967204032,26.2185227479167,2901,112
"19","Cameroon",4.97320063281424,2958,99,0.398174413645604,2958,110,1206.61993146164,2943.1606701459,40.9974196686254,104,0.563836716705138,2958,120,12.2945674463199,0.342970511736941,35.8473018104539,2958,119
"20","Canada",6.96071007570704,3021,14,1.70796027570067,3021,9,324.135517335076,3022.42068459052,10.7243680202311,24,0.334795940371073,3021,5,12.9918314207153,2.73115196191746,4.75690536516105,3021,6
"21","Chad",4.39664582290732,970,117,0.234875079438946,970,117,529.775572811444,968.724652774445,54.6879416451473,126,0.569662087202401,970,123,11.5197779144013,0.289002328129461,39.8605021245395,970,121
"22","Chile",6.23163530631695,4051,43,1.36045641038962,4051,42,620.190241265435,4049.82386367802,15.3140053034845,39,0.420878233152679,4051,43,13.1052767779084,1.48736944075447,8.81104345619789,4051,52
"23","China",5.81791837089853,6880,67,0.888461014517637,6880,81,1501.22350546662,6820.84392954428,22.0093513496786,65,0.572453237567897,6880,125,14.4074018093654,0.871517706906138,16.5313931033155,6880,89
"24","Colombia",5.63040058693872,2991,74,1.1716535724537,2991,59,859.961121422508,2989.35725512555,28.7674255041956,83,0.40619769807684,2991,33,11.2848837263231,1.45448792895103,7.75866440807227,2991,38
"25","Comoros",3.54520367426971,960,135,-0.319689674252567,960,130,640.417646523234,954.655036492432,67.083671278396,140,0.56087738322713,960,117,8.57705006055777,0,Inf,960,133
"26","Congo Brazzaville",5.26710450029007,2854,89,-0.301428074118124,2854,129,1139.14315037188,2819.55549980991,40.4015154320843,101,0.590449228676704,2854,133,13.1488299854047,0,Inf,2854,133
"27","Congo Kinshasa",3.20719667402375,988,139,0.115848150245268,988,122,731.348885966802,986.075933599556,74.1676032287998,143,0.542349426092807,988,112,7.50899755414412,0.38394552897011,19.5574553877112,988,100
"28","Costa Rica",6.60846589772659,2977,25,1.44000587578256,2977,34,437.179028507071,2976.91773665053,14.6856267852051,37,0.389184996798106,2977,17,13.2274981134106,1.88907835475211,7.0020907709497,2977,26
"29","Croatia",6.12497054122415,2977,50,1.3421137969681,2977,44,588.319103884202,2962.68048851253,19.8576628889057,58,0.452231640524005,2977,61,12.4574722987498,1.55108034768895,8.03148097215652,2977,39
"30","Cyprus",6.12996604444408,3007,48,1.26250365869007,3007,50,475.626830005236,2993.66636709004,15.8877701013678,42,0.459829966697561,3007,67,14.5332247993573,1.25022946619965,11.6244459055459,3007,72
"31","Czech Republic",6.84520053188773,3005,19,1.6801811118339,3005,11,266.249563141913,3005.83462970263,8.85775819171572,15,0.34576676779489,3005,7,13.019715432413,2.51709495036018,5.17251660711088,3005,10
"32","Denmark",7.58644400985574,3008,2,1.72901028785412,3008,6,138.871066926415,3006.14960449363,4.61956606280769,6,0.395647272926619,3008,22,15.0480926282358,2.63116952846228,5.71916498175255,3008,13
"33","Dominican Republic",5.56894146245245,2952,76,0.636175110413444,2952,95,1010.14486146076,2960.18214578927,34.1244157187303,92,0.485126103670171,2952,82,12.5228230566181,0.659169156149921,18.9978899039535,2952,97
"34","Ecuador",5.55894819697752,2979,77,1.11996123131034,2979,69,844.941114089383,2970.2939913168,28.4463799394753,82,0.424637360256966,2979,46,11.0845238396731,1.50896581411985,7.34577532237765,2979,35
"35","Egypt",4.1705246880347,2980,125,0.157880617116201,2980,120,1412.80834289099,2962.07352843102,47.6965993359165,117,0.4989334035927,2980,89,8.76922719415566,0.23913035607507,36.6713257910373,2980,120
"36","El Salvador",6.12164894699021,2900,52,0.97947710556476,2900,75,636.570961952788,2922.41322959257,21.7823733997241,64,0.498799841416769,2900,88,14.4792933345207,1.16166265647968,12.4642840619487,2900,78
"37","Estonia",6.45520143651104,3014,32,1.63855079560861,3014,16,329.67763524145,3010.50789688047,10.9508975406797,27,0.350945402332427,3014,8,12.3327544808699,2.38287713750636,5.17557296041536,3014,11
"38","Eswatini",3.50200293957382,989,136,-0.0234435176680006,989,126,641.976668825773,988.863926953506,64.9206277352614,137,0.490866504471761,989,86,7.92687015936152,0,Inf,989,133
"39","Ethiopia",4.09062896629392,1983,128,0.198185500476691,1983,118,1040.19272415938,1975.75195051003,52.6479411492349,122,0.610435159111042,1983,139,10.1972641086525,0.425379240608292,23.9721715005895,1983,107
"40","Finland",7.80423433416688,3004,1,1.8480470454197,3004,1,113.975977284028,3004.65480321844,3.79331353345291,2,0.342184202699434,3004,6,14.8534444769897,3.27317488743413,4.53793182087911,3004,4
"41","France",6.661344439006,2990,23,1.6013945610508,2990,19,251.11085694469,2986.67132555938,8.40771647002901,14,0.40167068025558,2990,27,13.9563820311159,1.95698225123908,7.13158334587823,2990,31
"42","Gabon",5.03467435346951,2968,98,0.498559851543739,2968,102,1153.42885410337,2964.04902026593,38.9139601341644,98,0.601247807026971,2968,135,13.5303618846926,0.555996931158164,24.3353175646281,2968,108
"43","Gambia",4.27944133396451,976,123,0.403335381944085,976,109,525.741532861762,979.423327949844,53.6786819201314,124,0.483337343134325,976,81,9.42596860829309,0.600600776915573,15.6942331255394,976,87
"44","Georgia",5.10909600975238,2981,92,0.955050237887548,2981,76,950.374877668121,2977.21934052228,31.92156065671,88,0.475788808375824,2981,74,11.4265168121714,0.94040745410513,12.1506021270797,2981,75
"45","Germany",6.89182858322742,2996,17,1.37359875425188,2996,41,294.11823804775,2996.35640765745,9.81586293593463,21,0.527066610495118,2996,106,17.7892660382927,1.19927797613986,14.8333133703925,2996,84
"46","Ghana",4.60502514266796,2896,111,0.44346939335663,2896,107,1284.6410970402,2870.23120489543,44.7574082132872,110,0.5008164548738,2896,91,9.95937550263018,0.623881757285184,15.9635626243798,2896,88
"47","Greece",5.93088311075321,3002,60,1.29835903918425,3002,47,582.358144897313,3001.45515254707,19.402526951073,56,0.475474792343432,3002,73,14.409859350659,1.35700799751646,10.6188462979079,3002,62
"48","Guatemala",6.15033128312959,965,46,1.09357349029251,965,72,208.661151433493,959.490405260317,21.7470805637584,63,0.44462943552144,965,56,13.3488545962681,1.25052436555849,10.6746057605254,965,64
"49","Guinea",5.07173312465908,2862,94,0.650375989795438,2862,94,1219.84471441574,2828.97739193052,43.1196346034884,106,0.564221034045767,2862,122,12.394559632657,0.591332206322779,20.9604000934315,2862,102
"50","Honduras",6.02250194985373,1952,56,0.556222368597531,1952,98,484.100042590088,1951.67572216471,24.8043277421694,75,0.506425314567645,1952,94,13.6591879629722,0.477374999726051,28.6131196036884,1952,114
"51","Hong Kong",5.30939792960986,3014,84,1.34019694973797,3014,45,779.663390644123,3013.75453282002,25.8701689919842,78,0.267137863920636,3014,1,8.51824606380867,2.51426232393654,3.38797029359761,3014,1
"52","Hungary",6.04119735967258,3004,53,1.37841568189924,3004,40,575.688685340907,3003.12250570394,19.1696703763326,55,0.456138400004228,3004,63,12.8876820426584,1.5499755970733,8.31476448209457,3004,47
"53","Iceland",7.52957119719396,1490,3,1.7909882188479,1490,3,62.0993941563738,1490.9743425486,4.16502097884689,5,0.356138683579972,1490,9,15.3173460670406,2.602341081126,5.88598711296254,1490,18
"54","India",3.79810043354962,21632,132,-0.902284007328132,21632,136,12233.9765466984,21558.5692942688,56.7476272646292,130,0.583802698922761,21632,129,9.76276841871712,0,Inf,21632,133
"55","Indonesia",5.27686043084185,3092,87,0.928716449628996,3092,78,898.781352468214,3076.14863020835,29.2177479216061,84,0.463293996895895,3092,69,11.0731235164801,1.08804969756618,10.1770383662154,3092,60
"56","Iran",4.87629503984515,3009,104,0.796033419005051,3009,84,1158.28921410383,3008.55988968439,38.4997891541173,97,0.446418545726601,3009,57,10.1884204019156,0.959270147134014,10.6210126859001,3009,63
"57","Iraq",4.93643778245099,3035,101,0.447537179494853,3035,105,1019.9114434718,3026.77008016388,33.6963633331733,90,0.466436514017045,3035,70,10.1959683353476,0.601571716581891,16.9488824928152,3035,91
"58","Ireland",6.91082308180954,2998,15,1.63969259224356,2998,15,271.239626552812,2997.99047720487,9.04738119134047,16,0.404681141646549,2998,30,13.5331557370813,2.31919298507608,5.83528659502104,2998,14
"59","Israel",7.43573746024572,4147,4,1.84371440527486,4147,2,163.494524459314,4147.48554908619,3.94201553023702,3,0.285501575681702,4147,2,12.2792810353224,2.91459061326411,4.21303800933148,4147,2
"60","Italy",6.40452595249245,3000,34,1.15885116173928,3000,61,354.992602728328,2999.99999999181,11.8330867576432,28,0.587639576885937,3000,131,17.6757287473489,0.813160194229432,21.7370806795318,3000,105
"61","Ivory Coast",5.05268587643399,2973,97,0.525023371169982,2973,100,1189.31540242915,2946.8033348815,40.3595105364228,100,0.563764342811981,2973,119,13.2470722218484,0.542000139641615,24.4410863632023,2973,109
"62","Jamaica",5.85471508870664,1978,62,0.709535606221619,1978,91,473.782548667732,1978.30386889016,23.9489269630518,71,0.459585542876892,1978,66,13.1450447909685,0.9082705720527,14.4726089289237,1978,83
"63","Japan",6.12901782197573,3019,49,1.52751899419441,3019,26,513.052149135506,3021.73883250514,16.9787058900178,44,0.333027892823956,3019,4,11.5917884021018,2.39563419596786,4.83871386608697,3019,7
"64","Jordan",4.11976267652338,3000,127,-0.422459535043399,3000,132,1389.88231632827,2997.54806314676,46.367307113975,116,0.499854877349777,3000,90,9.0458381273413,0,Inf,3000,133
"65","Kazakhstan",6.14387342361428,2974,47,1.51286994543007,2974,28,563.446680561289,2962.17377037616,19.0213918641828,54,0.4026124426291,2974,28,12.427876475903,1.79144611203602,6.93734318459537,2974,25
"66","Kenya",4.48657920688915,2994,115,0.0273969607070837,2994,124,1446.48550894448,2994.21475315379,48.3093441250633,118,0.532056129637014,2994,107,10.8344656750042,0,Inf,2994,133
"67","Kosovo",6.36758488895217,2992,35,1.09819047562013,2992,71,471.575017575683,2992.80954532962,15.756933758501,41,0.481448448407837,2992,77,14.5884038396124,1.14036465830127,12.7927533823644,2992,79
"68","Kuwait",6.75782921084047,987,22,1.53426732419078,987,24,96.1753822024642,988.149142384733,9.73288120964828,20,0.404680365730363,987,29,11.7849965286327,2.12258234049116,5.55219757736496,987,12
"69","Kyrgyzstan",5.82529317294544,2984,65,1.40628574055853,2984,38,513.432860230325,2983.25148730979,17.210512168162,45,0.41497684082354,2984,38,12.1185603864022,1.49128017664251,8.12628007547586,2984,41
"70","Laos",5.06098951438951,2621,96,0.770722928918749,2621,87,765.140650020266,2531.96206109125,30.2192778390407,86,0.520860034994872,2621,103,11.6167436089094,0.597128656711257,19.4543394934179,2621,98
"71","Latvia",6.21270867649768,3016,44,1.58242969840569,3016,21,396.484646794982,3013.77057526447,13.1557673981268,32,0.362330348932205,3016,11,11.9049448797905,2.54623040830834,4.67551751834582,3016,5
"72","Lebanon",2.80785827799798,4083,143,-1.44763230535841,4083,141,2993.66093393723,4083.74233258093,73.3068026856933,142,0.536854141234965,4083,109,6.42311825187993,0,Inf,4083,133
"73","Lesotho",3.1861625568048,995,141,-1.96321638422841,995,144,666.147814871285,994.080845581719,67.0114325039094,139,0.659905559388358,995,144,8.00471587226724,0,Inf,995,133
"74","Liberia",4.04225998150283,995,129,-1.64302128661518,995,143,583.97945039178,995.38864546695,58.6684862290977,131,0.617610288850639,995,142,10.4020928120006,0,Inf,995,133
"75","Libya",5.76027408197896,996,69,1.13024131205045,996,67,224.322416508664,994.438254523636,22.5577018470715,69,0.40504425348563,996,31,11.7456920242894,1.66300482560791,7.06293321788519,996,29
"76","Lithuania",6.76296692378741,2940,21,1.60071937347032,2940,20,267.708212789798,2925.55252479252,9.15068899023729,17,0.40539273566796,2940,32,13.7247125929938,1.99278985601209,6.8871850945986,2940,24
"77","Luxembourg",7.22793462405023,997,10,1.6438415667353,997,14,40.6952143655134,997.988838558044,4.07772239460236,4,0.441249939198385,997,55,14.3817633015206,2.02807391315099,7.09134080777947,997,30
"78","Madagascar",4.01913415383677,959,130,0.67277935530269,959,93,575.359742994748,955.939579535527,60.1878774884815,133,0.460575602171996,959,68,8.85841733363317,0.742281154572597,11.9340458518495,959,74
"79","Malawi",3.49524833454057,1990,137,-1.43576244878091,1990,140,1240.34748308474,1989.71445557175,62.3379641039156,135,0.611872094334086,1990,141,9.62395225699297,0,Inf,1990,133
"80","Malaysia",6.02412033261347,2952,54,1.23147163232509,2952,53,468.681353782613,2943.09721278369,15.9247663225951,43,0.478298066097322,2952,75,14.0257912520524,1.2570826206901,11.1574140165526,2952,68
"81","Mali",4.19780098662904,2960,124,0.0648349256023073,2960,123,1597.73535510808,2956.7641695084,54.0366178535547,125,0.490842443494968,2960,85,9.35107322267676,0,Inf,2960,133
"82","Malta",6.29985997666856,3001,38,1.42498410546899,3001,35,406.44086909932,3000.46857864839,13.5459131947453,33,0.37628486727966,3001,13,12.566176729526,1.99479277204724,6.29948980446197,3001,20
"83","Mauritania",4.72386882180414,980,107,-0.0268457561247772,980,127,494.461246997908,969.481844118177,51.0026309412386,120,0.579014186040523,980,127,11.8141288570201,0,Inf,980,133
"84","Mauritius",5.90227463524665,2971,61,1.24771006784671,2971,52,592.414969920813,2967.67103973594,19.9622856438133,59,0.446927564961916,2971,58,13.256881139719,1.5863712288865,8.35673321497656,2971,48
"85","Mexico",6.32953152925342,2991,37,1.3533556483452,2991,43,530.591223743257,2988.53849127421,17.7542041132296,49,0.440852169329901,2991,54,13.5327308880793,1.4397332136304,9.39947120755481,2991,56
"86","Moldova",5.81921298536402,2953,66,1.14752258803532,2953,64,602.029467154007,2957.71016453633,20.3545795112884,61,0.420456572325008,2953,42,11.7927652837332,1.43851105521186,8.19789687469337,2953,42
"87","Mongolia",5.84018752129885,2993,64,1.42019798964037,2993,37,603.499927136479,2992.75490535235,20.1653642286964,60,0.392234558651301,2993,19,11.5270261621216,1.6452791470374,7.00612183827769,2993,27
"88","Montenegro",5.6610940127377,1987,73,1.25741158668295,1987,51,477.352572114615,1976.35398922016,24.1531919240324,73,0.400473052989469,1987,26,10.1851999563134,1.74361388313964,5.84143086654791,1987,15
"89","Morocco",4.90282146976237,2906,103,0.446066278590741,2906,106,1017.24516140809,2849.43071615263,35.6999436989855,95,0.468171243838868,2906,72,10.4408341818649,0.534695015281934,19.5267094015448,2906,99
"90","Mozambique",4.95400012742953,1836,100,-0.34769430529971,1836,131,789.395039457876,1763.38067468057,44.7660026443736,111,0.605251896665719,1836,136,12.6928377815839,0,Inf,1836,133
"91","Myanmar",4.36803929924231,2988,120,0.171969629342702,2988,119,1317.28544810013,2976.21402317988,44.2604408769199,108,0.596784997562086,2988,134,11.493189157445,0.376184771446524,30.5519787875804,2988,116
"92","Namibia",4.63082457096703,2974,109,0.273589941876198,2974,115,1332.42413120228,2970.26257337183,44.8587994592585,112,0.517692976887551,2974,101,10.3749440578018,0.399626415772289,25.9616072620022,2974,111
"93","Nepal",5.36025611077034,2952,82,0.7282853452682,2952,90,1021.98368292292,2931.01589675637,34.8678996949116,93,0.554752028063914,2952,113,12.6813441190781,0.718714993478391,17.6444685781546,2952,93
"94","Netherlands",7.402954649934,3010,5,1.73488054226141,3010,5,79.4588629622022,3009.66494695335,2.64012321513189,1,0.384917122208466,3010,16,15.6849274200309,1.84774588904893,8.48868208176842,3010,49
"95","New Zealand",7.1229289431464,2996,11,1.67492210212101,2996,12,212.851761385853,2997.44740342379,7.10110079472041,11,0.389486107726266,2996,18,14.7724010362403,2.06578907842773,7.15097257048311,2996,32
"96","Nicaragua",6.25880620888235,2941,42,0.885750729835384,2941,82,655.861390559596,2922.66937249207,22.4404921313546,68,0.51796496762209,2941,102,14.7595701784953,0.98193352615676,15.0311296898717,2941,85
"97","Niger",4.50133141512019,960,113,0.536839402207829,960,99,510.175131418345,953.187834697515,53.5230426624406,123,0.509340474979481,960,98,10.916711087257,0.624657440031355,17.4763164378687,960,92
"98","Nigeria",5.08657573438881,2944,93,0.740603397315387,2944,89,1182.66280270027,2934.39007796762,40.3035305898864,99,0.571130676436491,2944,124,13.4477208086973,0.640265681494938,21.0033447010601,2944,103
"99","North Macedonia",5.25364092598145,3013,90,0.79342493133784,3013,85,896.745012763419,3008.72309779046,29.8048369230777,85,0.398366161168065,3013,23,10.1187247219189,1.17606807027909,8.60385974046357,3013,50
"100","Northern Cyprus",4.59085361888296,997,112,0.269058335114659,997,116,413.31388209011,994.664748653437,41.5530843582874,105,0.538044352870803,997,110,11.4888800203474,0.469014047213009,24.4958122013977,997,110
"101","Norway",7.31550063671555,3008,8,1.7422832409505,3008,4,193.837504551834,3008.49435580414,6.44300708684639,8,0.381494457630521,3008,14,14.0298156746186,2.83948273896779,4.94097586228637,3008,9
"102","Pakistan",4.61813457876153,4098,110,0.322082149627463,4098,114,1861.86065559046,4096.39675606462,45.4511798163597,113,0.506993682096735,4098,95,10.8579029212116,0.499836501412814,21.7229091723418,4098,104
"103","Palestine",4.90775998622087,999,102,0.351881623710061,999,113,333.099830431622,998.86110715592,33.3479627993591,89,0.418358915676415,999,39,9.98245522774355,0,Inf,999,133
"104","Panama",6.26454350511635,1974,40,0.941401028815888,1974,77,355.28614924373,1968.13742809896,18.0518974016415,51,0.467942870867011,1974,71,13.3551885110139,1.08515125130033,12.3072138515349,1974,76
"105","Paraguay",5.73776642074333,2971,70,0.981282307388557,2971,74,672.609792169127,2974.02269475376,22.6161620540296,70,0.447402337968925,2971,59,12.3650078948328,1.26326640062794,9.78812377871085,2971,57
"106","Peru",5.52594478947087,2992,78,1.05686217441543,2992,73,804.117378639617,2987.38963946837,26.9170572199854,80,0.419052269519796,2992,40,11.4761315868031,1.39660355871414,8.21717194918884,2992,44
"107","Philippines",5.52291812605299,1998,79,1.14509895333661,1998,66,513.117362704624,1997.30791250173,25.6904486029857,77,0.502221523244212,1998,92,12.8688637615148,1.16755155005224,11.0220947083141,1998,66
"108","Poland",6.25966596783177,2994,41,1.50789383203241,2994,29,405.870312828668,2993.36102065942,13.5590164376249,34,0.400226766888895,2994,25,13.2144334307759,1.73041370598084,7.63657464403039,2994,37
"109","Portugal",5.96804039838574,2997,58,1.28361467643337,2997,48,517.109161207677,2991.33136562046,17.2869233796978,46,0.458128187442376,2997,65,13.8479045420558,1.40929458929835,9.82612481961654,2997,58
"110","Puerto Rico",7.35806746260569,500,7,1.42285450901138,500,36,53.6157616691587,499.999999997834,10.7231523338782,23,0.435180099057173,500,50,16.4771333167775,1.98390436176404,8.30540707220704,500,46
"111","Romania",6.58913645965805,2954,26,1.4587755767494,2954,33,367.55054923637,2930.76122525567,12.5411291124307,31,0.407101470167656,2954,34,13.3623970649777,1.90063753305137,7.03048152665129,2954,28
"112","Russia",5.58795674239845,8914,75,1.22135563650034,8914,55,2289.46063373056,8927.71781342454,25.6444108290242,76,0.419805916030851,8914,41,11.5968408736801,1.55789910525407,7.44389725532892,8914,36
"113","Saudi Arabia",6.46259513673513,3065,30,1.20592060060964,3065,57,478.016719389512,3062.9913090217,15.6062055410202,40,0.53350914646731,3065,108,16.8439779140132,1.09656188995031,15.3607179570836,3065,86
"114","Senegal",4.85514521683805,2919,105,0.450082761282656,2919,104,1303.34971258141,2916.17434986808,44.6938199233653,109,0.504060818993438,2919,93,11.2938346508954,0.601065436983574,18.7896923629033,2919,96
"115","Serbia",6.27802521567263,2981,39,1.38519681612826,2981,39,526.452401561301,2968.67580489107,17.7335767244756,48,0.41219837198755,2981,35,11.6025491778679,1.97164376096875,5.88470869208495,2981,17
"116","Sierra Leone",3.13757407654621,1976,142,-1.6427339233227,1976,142,1346.11735956705,1977.19205307201,68.0822764523839,141,0.608653619426055,1976,138,7.95641414259293,0,Inf,1976,133
"117","Singapore",6.45777498218823,2020,31,1.53294358113663,2020,25,189.130108783265,2016.93860729061,9.37708803330048,19,0.383506928493813,2020,15,12.5073007391271,1.9105709407393,6.54636814181176,2020,22
"118","Slovakia",6.34323438272229,2997,36,1.4686436418584,2997,31,414.091063249534,2994.71059031802,13.8274150626876,35,0.414655052995335,2997,37,13.6303410194323,1.69598444214348,8.03683140053191,2997,40
"119","Slovenia",6.64986185194985,3029,24,1.46503243674394,3029,32,327.252052507023,3025.60921331257,10.8160713904203,26,0.489290740455051,3029,83,16.0288505015027,1.4672888365682,10.9241276168857,3029,65
"120","South Africa",5.27455326410134,2049,88,0.868377974055492,2049,83,715.960179649155,2048.77231614398,34.9458148183431,94,0.479221574688942,2049,76,12.0797984043033,0.939865559877363,12.8526875757417,2049,80
"121","South Korea",5.95105297683763,2990,59,1.26491944610606,2990,49,586.797368670034,2985.30614939555,19.6561873156241,57,0.421063141572621,2990,44,12.4301412565336,1.38470512735082,8.97674242047085,2990,53
"122","Spain",6.43624732337718,2999,33,1.5139109196124,2999,27,369.553452790235,2999.46432578618,12.3206483775523,30,0.421703000463364,2999,45,14.3997070516475,1.74465485563182,8.25361360452731,2999,45
"123","Sri Lanka",4.28953201136915,2977,121,0.118034272703171,2977,121,1375.0093659778,2974.67125481236,46.2239100792512,115,0.563970379159755,2977,121,10.7144564152532,0.335708706484932,31.9159324982658,2977,117
"124","Sweden",7.3951774414225,3007,6,1.72651313249748,3007,7,155.817907256144,3008.2856292218,5.1796247584526,7,0.394377898382763,3007,20,15.5962851725011,2.43253480805541,6.41153627929745,3007,21
"125","Switzerland",7.24008565833867,2993,9,1.63560187742743,2993,17,227.285381783628,2997.73924175613,7.5818930018236,12,0.439802257370337,2993,52,16.636484956248,1.93155436075976,8.61300375191312,2993,51
"126","Taiwan",6.53542322937881,2986,28,1.55067792289583,2986,23,277.617059926533,2967.41581138739,9.35551596312131,18,0.39556996754321,2986,21,13.0087132860577,2.22337352688702,5.85088970824952,2986,16
"127","Tajikistan",5.27810843371444,2982,85,1.14622750578171,2982,65,714.356709269539,2976.72608784661,23.9980666070055,72,0.456519227830593,2982,64,12.0393436458279,1.08033655140188,11.1440676798404,2982,67
"128","Tanzania",3.693830019615,2955,133,-0.756219097358484,2955,135,1649.64925852684,2944.7555472365,56.0199049484753,129,0.61151404081205,2955,140,9.08923644035674,0,Inf,2955,133
"129","Thailand",5.84297052784757,2963,63,0.916419449172048,2963,80,527.108822914889,2962.66438306834,17.7917156572753,50,0.555788201483872,2963,115,15.7010610383798,0.853582362124828,18.3943128807102,2963,94
"130","Togo",4.13735121636888,1964,126,0.575918831738939,1964,97,1184.19017277258,1957.02507914683,60.5097086077625,134,0.52605751433185,1964,105,9.53600264491172,0.694304838573909,13.7346049099968,1964,82
"131","Tunisia",4.49667187101596,2976,114,0.475028742977862,2976,103,1300.48687311689,2971.22875004977,43.7693285343683,107,0.452339454405143,2976,62,9.30430215462132,0.697926782675187,13.3313441833504,2976,81
"132","Turkey",4.77429270492314,2979,106,0.705193138915233,2979,92,1217.30811654481,2975.52217696766,40.9107391626085,103,0.482944584716122,2979,80,11.0252042693985,0.938747914195135,11.7445845713024,2979,73
"133","Uganda",4.42991571614337,2986,116,-0.0470474840938252,2986,128,1553.54670014904,2975.71083924027,52.2075827954333,121,0.58820610766046,2986,132,11.6392945788534,0,Inf,2986,133
"134","Ukraine",5.07143612838293,2969,95,0.743993331075683,2969,88,1006.22600271817,2962.93194697519,33.960483086539,91,0.540975929853497,2969,111,13.361148970726,0.795556578899205,16.7947187228513,2969,90
"135","United Arab Emirates",6.57122615038527,4842,27,1.22923385356969,4842,54,703.537927337204,4813.52427367061,14.6158591364226,36,0.429718676611594,4842,48,12.8371878318267,0.474561395941034,27.0506365280116,4842,113
"136","United Kingdom",6.79563977455301,3000,20,1.63466239474188,3000,18,322.751727361238,3000.0000000015,10.7583909120359,25,0.398435414382173,3000,24,13.8829106593775,2.0708857657777,6.70385150586224,3000,23
"137","United States",6.89369215705424,3012,16,1.68266323956313,3012,10,313.940768743022,3012.22005489444,10.4222388478196,22,0.359393188247847,3012,10,13.0786823025141,2.69790357954727,4.84772043065705,3012,8
"138","Uruguay",6.52198937679049,4063,29,1.47367901346132,4063,30,496.333327681206,4067.1366851562,12.2035074329484,29,0.372532241724861,4063,12,12.8060781405849,2.12421270081642,6.0286232803631,4063,19
"139","Uzbekistan",6.01430154321774,2971,57,1.31505909816226,2971,46,552.882129767484,2975.87660476373,18.5787988951706,52,0.43414524517051,2971,49,12.5135780801185,1.52579502145657,8.20134939762266,2971,43
"140","Venezuela",5.21061476674153,2989,91,0.776233761427625,2989,86,1081.69852449552,2990.75189205726,36.1681130209517,96,0.482400500280039,2989,79,12.0713391643443,0.975882198516613,12.3696683705198,2989,77
"141","Vietnam",5.76334822363269,2952,68,1.16812952113062,2952,60,443.429834491651,2928.88937001115,15.1398628788073,38,0.489715262502103,2952,84,12.9193910516485,1.11646230355054,11.5717216878372,2952,71
"142","Yemen",3.59037849177409,998,134,-0.62531332959239,998,133,658.255312842319,997.705817270232,65.9768943357807,138,0.606323313240484,998,137,8.79191281121017,0,Inf,998,133
"143","Zambia",3.89732025636113,2990,131,-0.69771772584804,2990,134,1638.66942895617,2981.87311324979,54.9543648143456,127,0.581388354673859,2990,128,9.41269605363229,0,Inf,2990,133
"144","Zimbabwe",3.20354927398758,2995,140,-1.05210876365142,2995,138,1904.00708258897,2998.31708542159,63.502525861812,136,0.578842165383618,2995,126,7.94080370139393,0,Inf,2995,133
